x,y,Clay,SOC,pH,CEC
14.92258,51.30289,8,16.2,5.84,5.6
14.86932,51.07144,14,13.4,7.42,12.3
14.83139,50.98255,14,30.4,4.18,8.3
14.78935,51.12837,13,20,5.26,8.5
14.78707,51.38057,3,27.9,4.05,5.8
14.77384,51.25507,7,32.2,3.85,5.9
14.68621,51.24061,7,13.7,6.06,6.3
14.66737,51.61954,4,20.3,4.9,3.3
14.61818,51.13529,12,11.5,6.41,8.2
14.60764,51.3158,5,10.4,4.94,1
14.5915,51.15437,11,13.1,6.06,9.1
14.648347,51.998419,5,33.9,4.7,5.6
14.6024,51.55007,19,96.9,4.41,12.5
14.57006,51.22723,32,22.8,6.21,17.6
14.56652,51.19135,11,13.9,6.33,8.8
14.55927,51.40773,3,10.9,5.05,2.9
14.58837,51.98275,3,35.3,3.99,4.4
14.56472,51.74955,4,12.9,4.6,1
14.50764,51.17564,17,20,6.49,12.5
14.49618,51.64419,3,14.3,4.74,2.5
14.46648,51.32238,8,38,4.29,6.1
14.46163,51.28518,5,26.2,4.42,5.5
14.44531,51.12405,15,24.8,5.71,10.2
14.5247,52.21926,3,15.8,5.45,2.9
14.49232,51.89655,3,10.5,4.25,1
14.46019,51.57364,5,17,5.03,4.6
14.52146,52.45336,10,12.8,6.65,7.9
14.48287,52.09481,2,17.5,4.19,4.3
14.37727,51.61272,3,22,4.74,2.3
14.45101,52.65413,24,14.6,7.24,21.6
14.39018,52.04432,2,27.5,3.83,4.7
14.37864,52.2248,9,78.7,4.05,11.4
14.28582,51.25605,11,11.9,6.02,6.2
14.3741,52.47694,4,12.1,5.24,3.7
14.36705,52.40517,2,18.1,4.29,4.4
14.25889,51.27505,11,65.8,3.79,8.9
14.25059,51.18533,14,22.4,4.93,7.3
14.24395,51.11356,11,79.4,3.84,9.3
14.357114,52.603576,29,14.9,7.55,25.1
14.32544,52.28071,4,96.4,4.09,8.7
14.29425,51.95782,3,34.8,4.03,3.6
14.27877,51.79639,3,20.2,4.36,4.5
14.24858,51.47346,2,22.7,4.81,3.8
14.33297,52.65842,27,20.1,7.43,24.2
14.32942,52.62257,35,19.7,6.98,25.5
14.26352,51.94094,4,60.4,3.61,4.2
14.25159,51.81538,3,11.4,4.4,1
14.20328,51.29508,2,22.2,3.96,3.4
14.1861,51.4217,12,13,4.95,6.2
14.28266,52.75027,48,22.6,7.46,32.8
14.23933,52.30183,5,43.8,4.37,3.5
14.16892,51.54829,5,25.4,4.67,2.5
14.11709,50.9741,5,45.6,4.09,6.6
14.10596,50.84845,7,187.7,3.58,13.7
14.25484,52.76926,64,32,6.69,38.9
14.23404,52.55401,4,6.6,7.44,4.5
14.17303,51.90821,2,16.9,4.37,3.7
14.28703,53.39812,8,10.6,6.34,6.8
14.19601,52.46536,7,12.2,7.09,6
14.19263,52.42947,3,15.8,4.16,2
14.04925,50.8505,10,16.2,6.41,6.6
14.24808,53.30948,12,13.6,7.43,10.3
14.23217,53.14805,5,6.7,4.45,4.1
14.11333,51.89229,9,18.9,5.57,7.4
14.06968,51.40777,3,5.9,4.78,1
14.22873,53.41814,5,34.3,7.14,20.8
14.19191,53.04146,16,10.3,7.52,12.1
14.07134,51.74974,2,14.1,4.35,4.1
14.21107,53.54473,5,116.3,5.29,44.6
14.18645,53.29362,6,8.9,8.14,7.5
14.13309,52.73751,2,12.6,7.13,4.2
14.11452,52.54021,13,25.2,7.02,14.1
14.09956,52.37873,3,24.9,5.37,5.7
13.99814,51.2483,13,35.3,4.88,3.3
13.97027,50.92527,15,20.8,5.75,7.3
14.16868,53.42026,9,12.1,6.51,9.1
14.10686,52.77443,56,36.2,5.94,34.5
14.09183,52.61297,20,8.7,6.59,9.9
14.04732,52.12858,3,37.7,3.88,3.6
14.03275,51.96709,2,45.2,4.36,4.2
13.97573,51.32107,5,29.9,4.24,5.9
13.94798,50.99802,11,36.8,4.39,6.7
14.14386,53.47506,4,8.8,5.51,5.8
14.1094,53.11629,5,5.2,5.9,1
14.09753,52.99072,8,8.6,6.64,7.5
14.09073,52.91897,3,3.7,7.81,3.7
14.0823,52.82925,2,3.9,5.62,3
14.06064,52.59602,5,53.4,4.13,4.9
14.01979,52.1475,4,48.7,4.01,4.9
13.95935,51.46566,5,41.2,5.24,10
13.7405,48.75451,11,17.8,6.36,7.1
13.9416,51.59219,11,14.9,6.62,6.9
14.00494,52.63389,9,105.4,4.83,28.8
13.99031,52.47245,3,22.8,5.01,5.6
13.98707,52.43658,4,13.2,4.85,2.9
13.97579,52.31096,7,21.1,4.23,5.1
13.8686,51.07269,4,81.7,3.93,10.5
14.03331,53.26285,16,16.2,6.29,12.8
13.91648,51.97097,7,38.4,3.87,4.3
13.83775,51.30097,4,22.7,7.17,12.8
13.97193,52.92295,11,11.1,6.86,9.4
13.92833,52.43848,2,18.9,4.31,3
13.62922,48.7222,20,32.5,5.22,8.9
13.91967,52.67274,5,15,4.16,3.3
13.89107,52.34974,7,35.3,5.85,12.8
13.85218,51.90112,11,199.2,5.19,40
13.79783,51.25499,5,25.6,4.01,4
13.59818,48.66916,4,27.3,4.73,4.4
13.93861,53.21195,11,11.6,6.9,8.4
13.90934,52.88903,3,21.2,4.14,1
13.8493,52.20714,3,40,3.91,1
13.79731,51.59699,3,35.6,4.7,4.3
13.86377,52.71053,3,71.9,4.58,6.4
13.84956,52.54907,2,17.4,4.53,4.7
13.77607,51.68763,6,19,4.25,3.4
13.75677,51.45432,6,63.5,4.06,8.9
13.7494,51.36457,3,10.8,6.4,2.6
13.71454,50.93375,10,30.5,4.29,8.4
13.70452,50.80807,12,24.6,4.42,9.6
13.86917,53.10624,6,15.6,6.52,6.8
13.78474,52.13725,1,20,5,2.4
13.70475,51.16802,12,24.3,6.03,10.1
13.84409,53.16103,4,9.2,5.24,6.1
13.80931,52.76627,4,16,6.37,9.4
13.73318,51.86892,4,11.4,6.28,5.2
13.7198,51.70745,5,14.1,5.75,5.9
13.6549,50.89965,15,16.8,5.83,10
13.64925,50.82785,16,42.2,4.98,10.2
13.50491,48.88821,24,40.2,5.49,7.6
13.66907,51.43911,15,52.9,4.39,11
13.6562,51.27753,10,11.2,4.97,4.9
13.4645,48.69128,12,17.9,5.27,8.7
13.72577,52.48101,4,18.4,6.61,6.2
13.72271,52.44511,3,10.9,4.9,1
13.68538,51.99642,1,3,4.8,1
13.67656,51.88873,4,5.6,5.71,4.5
13.62047,51.18866,13,81,6.19,36.9
13.73131,52.89466,12,27.7,7.02,16.7
13.72203,52.78701,3,27.8,4.29,4.5
13.68137,52.30245,3,15,4.07,2.1
13.59046,51.17161,3,10.9,6.09,2.5
13.57379,50.95615,10,38,5.36,13.9
13.73552,53.2904,8,11.4,6.81,5.6
13.68037,52.64434,6,5.2,7.09,4.1
13.63739,52.12389,2,7.4,6.16,3.5
13.3849,48.72989,8,21.9,5.79,7
13.69784,53.20157,4,7.2,5.78,3.1
13.65387,52.68114,9,18,6.66,9.1
13.64344,52.55552,4,7,6.42,4.3
13.61402,52.19656,2,32.3,4.69,3.2
13.60099,52.03502,5,45.7,6,14.4
13.57813,51.74788,2,18.7,4.27,4.5
13.56537,51.58624,5,25,4.18,4.9
13.62879,52.73589,6,7.5,6.13,5.2
13.57619,52.08975,3,30.7,4.69,4.3
13.52959,51.49741,10,12.9,6.94,10.3
13.52542,51.44353,8,27.4,6.11,7.5
13.33904,48.8573,18,26.9,5.67,7.4
13.61104,52.88036,4,9.3,4.46,2.7
13.54135,52.01882,2,21.2,4.26,3.8
13.45874,50.94169,12,168.8,4.11,13.8
13.44945,50.81599,17,107.3,3.83,12.2
13.28913,48.51677,24,16.3,7.27,21.7
13.56428,52.63004,10,8.5,7.61,7.4
13.41186,50.69112,18,23.7,6.02,10.3
13.5357,52.68469,3,12.9,4.47,1
13.38227,50.67402,18,27.2,5.4,9.4
13.37581,50.58422,11,61.4,3.74,10.5
13.22817,48.41031,12,14.9,6.08,8.8
13.5104,52.73939,2,18.4,4.03,3.2
13.44713,51.93166,3,7.9,6.22,4.7
13.43482,51.77008,2,18.3,4.06,3.1
13.42257,51.60851,6,82.3,3.97,9
13.41173,51.44847,6,14.7,6.07,7
13.37866,51.01602,18,17.3,6.68,11.6
13.37475,50.96214,16,25.9,6.92,12.7
13.58434,53.99663,7,7.8,7.01,6.4
13.52286,53.2608,19,9.5,7.6,8.8
13.51261,53.13516,6,5.8,4.87,1
13.39903,51.68114,2,14.8,3.97,4
13.39417,51.5733,3,16.3,5.88,6.8
13.36325,51.19641,19,13.4,7.49,15.5
13.3554,51.08868,16,12.3,7.27,12.5
13.35149,51.03479,13,13.2,6.61,13.6
13.33274,50.76452,19,27.3,5.13,6.9
13.19476,48.73551,21,23.6,6.38,10
13.46406,52.90267,2,8.7,6.38,3.1
13.38899,51.93332,6,34,3.88,5.6
13.35693,51.50246,15,32.9,7.07,19.9
13.44002,52.97536,0,232.1,4.18,31.8
13.38981,52.32911,3,11,8.15,8
13.33329,51.52473,5,24.8,5.74,7.7
13.26982,50.67686,16,30.4,6.84,17.3
13.12042,48.4135,18,18.9,7.37,16
13.24842,50.78583,18,28.9,5.25,8.3
13.10997,48.68388,13,33.1,7.55,12.9
13.46252,54.00013,6,12,5.95,1
13.37502,52.90524,5,25.4,4.83,9.4
13.31382,52.0974,4,32.3,3.9,2.2
13.24382,51.12783,18,27.3,6.44,16.7
13.23002,50.93028,15,28.5,6.23,13.6
13.07371,48.54075,18,10.8,7,10.3
13.06549,48.37845,33,27.8,6.8,21
13.38162,53.37277,8,11.9,6.22,5.2
13.26749,51.86482,4,51.1,5.46,10.9
13.2624,51.79301,3,10.4,5.49,4.1
13.25071,51.63136,9,12.4,6.67,10.4
13.22535,51.27227,15,11.3,7.02,9.7
13.21028,51.05677,13,66.4,3.81,9.5
13.06563,48.84716,15,32.4,4.37,4.5
13.05788,48.72134,32,41.9,7.55,29.3
13.03819,48.39779,20,27.7,5.43,10.8
13.30744,52.79918,3,65.7,3.86,6.3
13.24764,51.99127,3,29.8,3.81,2.5
13.03293,48.75803,18,28.8,7.55,15.7
13.3009,53.10515,5,7.7,6.82,3.1
13.2765,52.78207,3,38.1,3.72,4.1
13.26891,52.65781,4,12.8,7.56,8.6
13.2644,52.62045,2,15.4,4.24,2.8
13.18792,51.56116,11,3.2,4.04,5.5
13.15453,51.07632,13,25.2,7.03,14.6
12.99965,48.65135,24,9,7.94,16.8
12.98955,48.48893,17,12.5,5.78,6.7
13.14434,51.34646,8,14.1,7.24,9.4
13.14065,51.29258,7,12.8,6.38,7.4
13.26565,53.42989,5,8,6.31,2
13.23185,52.98112,7,15.9,4.95,3.9
13.21986,52.81954,5,81.4,6.39,20.6
13.19623,52.49638,3,26.5,5.35,6.2
13.17697,52.22714,2,12.8,4.36,2.1
13.17053,52.13734,2,36.2,4.01,6.1
13.19625,52.96363,7,9.3,7.47,7
12.87768,47.95193,21,17.8,6.32,12.6
13.10343,52.01316,3,3.9,7.58,3
13.13357,52.85778,2,13.5,5.72,27.1
13.06572,51.88823,4,8.5,6.34,4.2
13.05719,51.76254,3,9.1,5.37,2.2
13.03551,51.43929,4,17.6,6.48,5.6
13.0119,51.08011,16,22.6,4.28,6.9
13.00376,50.95438,11,100.5,4.02,12.6
12.87301,48.81626,18,10.5,7.27,11.2
12.84707,48.36678,20,17.3,5.63,9.1
13.1707,53.77414,14,18.1,5.61,12
13.13775,53.73905,9,8.5,6.48,5.9
13.05648,52.60785,21,55.1,7.5,35.8
13.05403,52.57209,2,38.4,4.34,2.8
13.04306,52.41043,4,42.6,4.91,6.4
12.84123,49.21309,17,57.3,6.49,17.5
13.02957,52.64467,2,38.6,3.77,3.2
12.99654,52.15984,2,31.7,3.83,4.4
12.78837,48.7644,19,18.1,7.78,15.3
13.08369,53.83036,5,12.1,7.41,6.7
13.02356,52.98653,7,9.4,6.91,9
13.01236,52.82494,2,15.4,4.21,2.1
13.00992,52.78902,0,251,6.22,111.5
13.00247,52.66476,4,5.9,5.66,4.9
12.97688,52.3042,3,46.2,3.96,4.7
12.97094,52.21443,5,13.8,4.36,1
12.95794,52.01691,5,10.7,5.02,2.2
12.89336,51.01113,23,23.7,6.43,1
12.85803,50.43634,13,29.1,4.59,7.2
12.78942,49.26838,16,15.6,6.35,10.1
12.87271,51.1376,18,22.4,4.98,9.8
12.73992,48.87366,16,15.1,7.63,14.7
12.72155,48.55019,20,16.3,6.23,10.4
12.71345,48.38827,16,16.2,6.4,10.7
13.0412,54.08326,17,18.3,7.7,18.3
12.98382,53.2753,33,188.8,6.88,92.4
12.91365,52.23394,4,36.2,4.79,5.7
12.88695,51.8208,4,9.3,5.46,4.5
12.83198,50.94073,10,136,3.97,16.1
12.7285,49.16188,11,17.4,7.07,7
12.71949,49.0001,16,15.3,5.83,10.5
12.69814,48.62259,29,21.2,7.9,22.9
12.68841,48.42482,15,13,5.71,8
12.67121,48.10117,23,18,5.56,10.4
12.65894,47.86739,22,27.7,5.1,8.3
12.97751,53.61717,14,11.7,7.39,10.7
12.90833,52.5938,6,13,7.54,7.5
12.89009,52.32433,2,36,4.19,4.7
12.82547,51.30066,10,12.8,6.55,9.8
12.80573,50.97735,13,30,4.12,6.7
12.67671,48.71316,23,17.1,7.81,17.6
12.67061,48.60569,24,13.8,7.03,17.6
12.95965,53.79747,27,22.3,7.79,23.7
12.84137,52.01974,3,34.8,4.09,3.1
12.83983,51.98221,8,16.8,6.63,8.7
12.65407,48.75013,30,17.7,7.68,22.7
12.63628,48.46209,32,20.2,6.55,22.3
12.95468,54.15737,9,9.6,6.86,5.6
12.75733,51.12243,15,103.7,4.26,13.9
12.64728,49.18184,13,21,6.27,9.2
12.60272,48.33686,17,12.5,7.34,12.7
12.8656,53.29733,2,6,6.89,3.8
12.8333,52.81134,6,84.2,7.03,36.9
12.82288,52.6497,3,16.9,7.47,11.1
12.7894,52.11085,7,12.3,6.94,9.6
12.55396,47.90589,18,31.5,6.12,18.7
12.82226,53.09933,4,12.4,5.71,3.6
12.8077,52.84797,6,10.2,6.78,6.6
12.80433,52.74083,12,24.6,7.79,19.8
12.7956,52.6863,5,57.1,6.68,25.4
12.79306,52.61477,5,8.2,6.4,5.1
12.78423,52.52612,9,13,6.93,8
12.72145,51.48301,7,14.6,6.79,6.8
12.59436,49.21906,23,24.4,5.59,9.5
12.53975,48.15831,17,12.4,6.6,12.9
12.52369,47.83456,22,103.3,7.2,36
12.71413,51.8429,15,15,5.74,11.6
12.70438,51.68146,2,11.5,4.04,2.4
12.552,48.93203,9,12.4,7.36,7.8
12.81655,53.92672,10,99,7.09,39.3
12.79512,53.60351,3,5.2,5.19,4
12.74773,52.86725,6,22.8,7.16,10.8
12.72758,52.54396,5,76.5,3.89,10.5
12.66713,51.53821,6,91.2,3.9,10.7
12.63701,51.01728,14,23.3,6.5,12.5
12.54884,49.40006,20,15.8,7.2,14.6
12.5238,48.91471,14,45.1,7.38,21.6
12.51106,48.66301,37,148.1,7.23,83.7
12.49134,48.26742,19,17,7.39,16.5
12.48514,48.14154,21,36.1,7.02,22.5
12.46945,47.8178,33,72.8,6.24,27.5
12.6443,51.62881,5,15,4.74,2.6
12.59145,50.71251,22,38.5,5.73,11.8
12.47061,48.39386,21,19.1,6.15,10.8
12.68399,52.79677,6,41.6,6.38,22
12.67446,52.63528,5,21.7,7.55,12.6
12.61665,51.66526,4,39.8,4.24,20.5
12.60944,51.5395,18,15.1,7.01,14.8
12.50392,49.599,17,15.7,7,9.9
12.46297,48.78999,19,13.5,6.94,12.2
12.45324,48.5923,17,15,6.93,13.6
12.44182,48.35854,17,15.2,6.72,15
12.66217,52.92153,5,8.5,4.95,1
12.55253,51.03716,15,12.7,7.17,12.9
12.45091,49.09633,21,29.5,6.18,13.6
12.39376,47.90977,14,30.7,7.54,21.3
12.63636,52.99526,5,20.1,6.4,6.2
12.58882,52.18745,2,44.7,3.68,5.2
12.56806,51.82822,6,14.3,6.75,8.3
12.55012,51.50506,13,12.4,7.05,10.5
12.4989,50.57064,21,30.7,5.56,14.5
12.68973,54.32519,12,15.5,7.03,11.1
12.67902,54.16362,9,9.5,6.54,6.4
12.5523,52.06236,5,33.5,4.11,7.1
12.54316,51.9007,4,37.2,4.09,4.7
12.50726,51.254,9,32.9,4.44,6.8
12.4085,49.34917,10,12.5,6.2,7.4
12.39879,49.15144,8,9.3,5.37,6.5
12.39092,48.98963,22,31.1,8.08,20.6
12.34676,48.05455,17,17.4,5.44,7.8
12.54772,52.49406,2,16.6,4.1,2.5
12.50615,51.75757,4,43,5.79,9.6
12.40584,49.85303,18,62.7,5.34,15.9
12.36101,48.93628,38,54.2,7.26,38.1
12.3282,48.23497,20,20.2,7.29,16.6
12.60247,53.91346,9,21.7,6.81,8.7
12.56336,53.26738,2,6.2,5.89,3.7
12.53496,52.78209,2,12,5.93,1
12.52956,52.69223,3,29.9,4.37,3.2
12.52022,52.53059,1,30.9,3.69,4
12.51113,52.36889,4,30.2,4.33,5.2
12.50199,52.20727,1,17.9,4.14,3.5
12.49305,52.04567,6,18.8,5.31,7.1
12.48702,51.93781,2,26.2,4.09,4.9
12.47119,51.65041,3,44.8,5.24,6.5
12.46054,51.45282,13,9,6.84,10.2
12.42917,50.84253,20,17.1,6.86,12
12.42041,50.67981,22,18.8,7.09,14.4
12.30541,48.32549,18,21.3,7.17,18.1
12.29075,48.00175,28,57.1,6.89,31.4
12.59425,54.2732,12,12.7,7.56,12.9
12.52593,53.14185,3,9.9,6.49,3.4
12.52551,53.64535,11,13.2,6.95,8.5
12.47146,52.71141,7,49.9,5.56,14.3
12.4425,52.19054,5,24,4.28,4.5
12.41828,51.74145,9,21.5,7,13.8
12.39081,51.22047,17,14.2,4.62,6.7
12.32418,49.89071,18,16.5,6.69,11.8
12.31209,49.63913,15,30.7,5.96,10.9
12.30269,49.44134,23,29.8,6.07,14.3
12.27095,48.75816,26,16.5,7.26,2.7
12.2507,48.30858,25,50.4,7.32,33.9
12.23795,48.02085,8,11.1,7.43,9.5
12.24216,48.72276,29,18.9,7.37,18.9
12.19643,47.67958,26,59,6.87,31.8
12.49358,54.13151,4,13.1,6.63,5.6
12.48718,54.02375,10,17.5,6.63,12
12.47302,53.81126,15,13,7.93,10.6
12.46298,53.61067,7,12.9,5.75,6.4
12.44956,53.37718,4,5.9,6.2,4.9
12.44036,53.21555,5,9.9,6.11,3.1
12.38437,52.15487,5,9.5,5.22,5.3
12.25005,49.49642,13,12.6,7.07,13.9
12.23276,49.11888,16,22.1,5.78,10.2
12.20942,48.5974,24,35.1,7.83,32.7
12.18978,48.1478,16,30.2,7.26,30.2
12.18133,47.94994,18,38,7.03,20.7
12.43999,53.737,8,10.5,6.87,8.3
12.43381,53.62924,6,13.8,5.71,5.9
12.40346,53.09041,5,9.6,4.99,2.6
12.3769,52.60545,2,11.6,5.13,2.6
12.35958,52.28214,4,15.3,5,2.9
12.29348,50.98893,24,25.5,7.41,24.2
12.28605,50.8259,25,18.8,7,18.4
12.23904,49.85644,15,32,5.46,7.6
12.21918,49.42504,11,13.9,7.21,12.9
12.19024,48.77777,33,17.4,5.62,21.5
12.16673,48.23817,19,49.5,3.81,10.6
12.15986,48.0764,19,40.4,6.85,19.4
12.36868,53.00122,6,8.4,6.3,3.7
12.3172,52.03123,4,34.7,4.24,3.8
12.31533,51.99528,4,17.8,4.26,3.1
12.29884,51.67189,29,56.3,6.22,25.3
12.20713,49.76712,11,15.2,5.24,10.3
12.19974,49.60534,10,9.1,5.93,5.1
12.17087,48.95811,24,16.6,7.36,18.8
12.14801,48.43721,30,11.9,6.61,16.1
12.13455,48.11287,18,30.5,7.61,17.8
12.12108,47.7891,7,32.2,7.24,13.6
12.40393,54.16924,9,16.3,6.6,10.1
12.35961,53.36103,6,11.4,6.99,5.7
12.32548,52.75031,4,21.7,6.21,5.9
12.15931,49.31825,8,14.4,7.07,7.4
12.36115,53.95431,0,384,4.78,60.6
12.30291,52.93034,6,8.3,6.04,3.2
12.29074,52.66096,1,6.6,6.21,1
12.28019,52.44494,5,9.4,6.43,6.3
12.26168,52.08624,4,39.5,4.17,5
12.22647,51.36667,17,14.6,6.46,13.1
12.22174,51.27778,22,20.5,6.52,16.7
12.18762,50.559,21,24.7,6.69,20.5
12.12718,49.21091,51,48.9,5.6,20.8
12.12245,49.10301,8,9.8,6.17,4.8
12.10634,48.7254,26,19.3,6.96,18.4
12.10182,48.61752,26,14.8,7.77,18.3
12.09278,48.4017,22,15.8,6.8,16.4
12.07504,47.96999,31,83.7,6.19,35.2
12.06628,47.75413,41,41.1,6.39,24.4
12.22712,51.979,6,62,4.53,10.7
12.31811,54.27878,6,28.2,5.58,9.2
12.30913,54.11712,4,15.5,3.95,3.2
12.06098,48.94224,29,12.9,7.09,17.6
12.02149,47.97101,18,197.3,6.87,73.7
12.24494,53.48903,5,8.8,6.07,4.2
12.24306,53.45311,5,6.7,6.54,4.9
12.19717,52.55501,4,27.6,6.91,8.5
12.18796,52.39324,7,18,5.98,9.6
12.17253,51.99807,4,12.6,7.07,3.8
12.14676,51.51301,14,14.1,6.95,13.3
12.14079,51.38718,13,22.3,6.79,12.9
12.03588,48.99667,20,12.9,7.25,14.2
11.98775,47.79159,31,68.9,7.13,40.8
12.14673,52.12434,4,8.4,6.64,4.3
12.13125,51.80095,4,14.5,6.34,7.4
12.12374,51.63926,14,28,7.14,16.3
12.05181,50.02116,12,17.2,6.71,8.7
11.99121,48.56554,26,11,7.53,19
12.16655,53.13086,8,19.9,5.85,6.2
12.11467,52.03561,5,13.9,7.18,7.3
12.10574,51.87334,3,11.6,4.72,4.5
12.0985,51.71151,15,8.3,7.75,10.5
12.09165,51.51395,20,13.7,7.81,15.6
12.07112,51.06531,23,12,8.14,15.9
12.05443,50.74131,28,28,6.21,15.4
12.04739,50.57956,25,28.3,6.27,12.1
11.99506,49.33932,14,7.9,7.39,10.4
11.97549,48.85377,27,14.5,7.74,18.2
11.95434,48.31425,14,11.2,7.51,12.2
11.93779,47.8825,28,33.5,6.16,24.6
12.17845,53.95771,4,7.4,5.15,3
12.14558,53.31103,8,14.7,6.49,8.7
12.12157,52.82586,4,19.9,5.18,3.7
12.10602,52.50248,5,9.1,4.29,2.9
12.1037,52.44875,3,23.7,3.77,4
12.10067,53.00615,6,8.1,7.47,5
12.07755,52.52113,16,37.8,6.05,19.5
12.06831,52.32352,5,20.3,5.01,3.9
12.00471,50.90406,12,16.7,6.78,8.8
12.00314,50.86808,12,13,3.94,6.1
11.97066,50.09529,21,25,5.89,9.3
11.91757,48.76482,24,13.8,7.65,19
11.91272,48.63892,21,17.6,7.56,17.4
11.90656,48.47706,22,12.3,7.44,17.5
12.10587,53.72524,10,10.9,6.39,6.3
12.1041,53.68931,3,6.3,6.7,3.2
12.06665,52.91687,2,5.7,5.15,2.3
12.04208,52.39593,21,15.6,7.46,18.8
12.04045,52.26812,4,7,6.03,1
12.03486,52.23421,4,11,4.99,3.6
12.02837,52.10851,5,13.5,6.92,7.3
11.95076,50.29348,18,17.1,7.19,16
11.92461,49.64634,11,23.8,5.49,8.8
11.87015,48.22569,27,21,6.46,18.4
11.98773,51.80533,20,17,7.48,17.4
11.9774,51.60648,19,14.7,6.75,13.3
11.97465,51.53397,15,16.8,7.31,16
11.96767,51.37225,18,17.8,7.2,14.4
11.95879,51.15611,22,16.3,6.6,16.4
11.94488,50.83314,24,22.8,6.59,15.9
11.90543,49.86253,20,23,5.7,8.4
11.87403,49.05348,36,20.5,7.5,22.8
11.86653,48.85553,22,10.9,7.51,15.1
12.05841,53.99573,9,9.2,6.38,5.8
12.04704,53.7622,5,11.6,7.08,5.8
12.0239,53.27717,6,25.6,4.11,5.6
12.00721,52.91786,2,18.3,4.02,2.8
12.00141,52.79214,14,13.9,6.66,10.5
11.9859,52.43278,20,50.5,5.23,15.1
11.9652,51.98383,7,9.5,6.56,4
11.92287,51.01389,20,16.5,7.12,12.9
11.92203,50.978,16,19.8,6.97,15.7
11.91571,50.81564,7,17.5,3.69,7
11.87832,49.88097,44,33.7,7.61,24.6
12.00315,53.47527,7,17.9,6.1,7.3
11.95159,52.34434,7,10.6,6.59,5.7
11.92974,51.85921,8,13.5,6.7,4.3
11.84566,49.75562,7,10.3,6.17,7.5
11.78743,48.1368,22,28.3,7.84,24.1
11.96645,53.33205,3,20.4,4.52,2.5
11.94614,52.88291,21,55.7,5.97,16.8
11.93028,52.52361,29,24.9,5.46,19
11.87564,51.22992,23,17.5,7.78,20.5
11.81253,49.61221,30,36.8,5.9,13.4
11.8065,49.4504,18,11.3,7.12,10.2
11.77019,48.4433,22,33.8,7.52,27.5
11.74769,47.79567,26,45.7,5.23,13.5
11.97034,54.06907,12,10.6,6.32,6.3
11.89082,52.29049,3,10.6,5.17,3.3
11.88328,52.12881,9,12.3,6.25,6.3
11.81874,50.51148,22,27.6,6.46,14.3
11.78223,49.54073,18,22.9,6.53,9.6
11.89783,53.13538,4,13.9,5.6,6
11.85218,52.09336,5,13.6,7.29,9.4
11.84707,51.8782,16,13.3,6.72,12.8
11.83709,51.67995,24,21.1,7.36,18.9
11.81382,51.12295,20,10.5,7.87,16
11.80781,50.96124,53,24.9,7.59,28.7
11.79331,50.58381,27,24.6,7.13,21.4
11.77703,50.15242,16,30.5,5.18,7.3
11.73853,49.09164,24,21.7,6.49,16.9
11.72848,48.8039,23,38.2,8.14,24.4
11.72164,48.60605,27,17.9,6.77,14.7
11.71366,48.37221,40,63.4,7.65,55.3
11.7106,48.28228,28,68.1,7.58,50.9
11.84787,52.66877,4,11.5,5.71,5.5
11.85885,53.62139,10,6.2,7.42,9.1
11.84485,53.29803,6,7.9,5.99,4.2
11.83948,53.17226,5,7.9,6.28,5.6
11.81245,52.52544,5,5.6,6.12,5.1
11.799279,52.20204,4,13.3,5.98,3.7
11.797831,52.166104,10,4.3,7.82,7.9
11.792785,52.040327,28,32.4,4.87,16.7
11.77857,51.68095,31,20.4,8.3,20.5
11.75986,51.19577,22,139.1,7.6,66.3
11.68502,49.12844,26,22.7,7.11,17.7
11.84741,54.05301,8,12.1,6.7,6.3
11.84031,53.89132,13,9.2,6.08,6.6
11.8248,53.53201,14,11.9,6.2,8.2
11.75874,51.915,15,10.9,7.95,14
11.75244,51.75327,19,19.6,8.09,19.3
11.73525,51.30401,22,15.7,8.04,21.6
11.64389,48.71519,6,6.2,5.58,3.5
11.6333,48.39143,15,10.3,6.24,6.8
11.8107,53.90975,10,19.7,6.95,13.9
11.72193,51.86258,24,31.6,7.95,29.3
11.71939,51.64613,22,17.3,7.69,17.5
11.69754,51.05214,26,18.3,7.75,20.9
11.67781,50.51362,18,25.7,5.53,9.1
11.66075,50.02828,28,25.4,6.07,17.5
11.65145,49.7586,17,23.5,5.35,4.7
11.60859,48.46376,13,15,6.61,8.1
11.709474,52.149434,31,17.7,5.56,15.2
11.706046,52.05959,26,14.5,7.4,19.9
11.69989,51.89789,16,14.8,7.84,18.5
11.68513,51.50252,21,28.5,7.52,22.4
11.68384,51.46659,17,40.4,7.59,21
11.67202,51.1431,24,13.3,7.58,18.9
11.66585,50.98064,22,20.7,7.88,17.2
11.66427,50.92743,38,17.1,7.87,19.4
11.66037,50.81952,9,8.9,4.16,4.2
11.65466,50.65784,21,15.3,6.41,8.2
11.59821,48.98577,26,17.3,7.16,14.6
11.59473,48.87788,26,18.2,7.69,20.6
11.59299,48.82387,23,20.1,7.95,20.3
11.5844,48.55412,20,14.9,7.06,15.2
11.57424,48.2303,19,37.7,7.56,25.1
11.75208,53.96453,31,171.5,5.8,68.4
11.6518,51.37715,21,17.4,7.07,16.5
11.60134,49.9212,14,10.4,6.06,8.3
11.58535,49.43574,22,12.7,7.91,16
11.5801,49.2739,21,15.2,6.38,12.2
11.72238,53.98292,7,24.2,5.64,6.8
11.71724,53.85715,4,6.8,6.63,4.1
11.68998,53.17443,3,14.6,4.93,3.1
11.63661,51.75494,18,15,7.82,20.1
11.62733,51.52403,21,14.7,8.04,16.3
11.62246,51.35959,21,19.1,7.43,18.4
11.61803,51.23377,17,10.8,7.32,12.6
11.60551,50.87433,14,13.5,6.81,10.1
11.59996,50.71255,8,7.6,6.03,4
11.59542,50.62177,21,28.9,5.9,9.6
11.54809,49.1304,21,16,7.55,17.1
11.54302,48.96856,23,16.9,7.01,15.1
11.53302,48.6448,21,28.2,6.84,20.9
11.50974,47.87122,33,54.4,6.96,34.5
11.52852,49.38256,25,13.1,6.93,10.1
11.4846,47.92556,19,38.7,7.31,31.1
11.63837,53.39085,3,31.7,5.65,11.5
11.594547,52.204971,15,10.5,6.3,10.1
11.58294,51.8814,24,39,7.82,27.6
11.59168,52.94206,5,32,6.19,11.9
11.564668,52.187391,17,19,7.79,20.4
11.55341,51.86391,17,13.1,7.19,14.7
11.55159,51.81002,14,13.8,8.04,16
11.52619,51.05518,24,21.8,7.71,19.1
11.5001,50.24631,17,30.8,6.31,12.9
11.47508,49.43721,27,25.2,6.25,14.3
11.45582,48.78978,17,12.3,6.33,8.5
11.45424,48.73584,25,35.3,7.66,20.5
11.4511,48.6279,6,32.8,7.56,18.3
11.44956,48.57394,10,8.9,6.25,5.9
11.44489,48.41207,18,11.6,5.72,9.2
11.44178,48.30411,36,28.4,6.44,26.8
11.55297,52.6909,11,8.9,5.87,8.6
11.51418,51.55879,24,18.4,5.58,13.8
11.50319,51.23541,21,18.5,7.16,16.1
11.50294,51.2014,15,15.8,7.68,11.3
11.49306,50.9118,28,19.8,6.09,17.2
11.46267,49.94105,28,27.8,5.13,14.1
11.44223,49.25776,8,25.2,5.97,7.7
11.5203,52.60145,10,77.9,5.39,17.6
11.51908,52.5655,3,9.1,4.06,4.8
11.49834,51.95454,22,20.4,8.04,14.4
11.48651,51.59513,25,23.3,7.72,21.6
11.46765,50.98318,24,18.3,7.74,19.8
11.43213,49.85151,38,43.2,7.74,35.4
11.39487,48.55664,13,13.4,5.54,8.2
11.38944,48.35883,15,16.2,7.46,14.7
11.53296,53.80567,14,15.4,5.71,6.5
11.49322,52.67367,6,19.5,5.32,7.3
11.48485,52.42212,3,10.7,4.93,4.4
11.46983,51.97288,23,19.7,7.24,19.5
11.45938,51.64941,21,9.4,6.32,9.5
11.44568,51.21804,8,11.9,6.83,10
11.44059,51.05629,35,27.9,7.81,25.7
11.43462,50.84068,46,31.5,6.84,35.6
11.38627,49.2225,24,22.3,6,12.3
11.47072,52.80005,8,8,5.77,2.8
11.45183,52.31466,3,10.9,5.16,2.3
11.445386,52.116997,19,18.6,7.39,18.7
11.4333,51.73961,18,12.5,7.77,14.8
11.42313,51.4161,22,14.8,7.99,16.3
11.41981,51.30828,25,21.8,7.71,19.9
11.40827,50.93082,27,17.5,7.46,20.3
11.38428,50.1219,38,29.7,7.07,25
11.34944,48.8811,30,32.3,7.89,23.6
11.34797,48.82714,15,13,7.16,10
11.3288,48.10754,9,13.2,6.69,11.2
11.31968,47.74764,16,44.2,7.4,36.6
11.42365,52.35098,3,79.6,3.73,8.4
11.418473,52.189231,13,13.3,7.91,14.2
11.413356,52.027497,23,15.9,6.15,15.4
11.38844,51.21877,10,13.2,6.23,7.9
11.35075,49.92443,27,29.4,7.65,24.3
11.44298,53.82476,14,14.2,7.37,14.1
11.43826,53.69898,5,11.8,4.97,4.8
11.42621,53.33961,4,9.4,4.97,2.1
11.41027,52.85443,3,30.7,4.42,1
11.40507,52.6927,3,29.4,4.24,5.6
11.39376,52.33332,5,6.3,6.1,4.4
11.39094,52.24351,13,12.5,7.11,12.7
11.389792,52.207548,12,11.5,7.72,10.8
11.383667,52.009871,21,23,7.61,21.6
11.3787,51.84814,24,17.6,6.12,14.8
11.36989,51.56059,13,8.3,4.71,5.8
11.34979,50.87762,48,21.8,4.44,18.6
11.31019,49.45728,41,44,5.73,26.1
11.30248,49.16952,32,22,7.21,22.2
11.28053,48.32409,18,13.1,6.75,12
11.27965,48.28811,18,47.3,6.02,21.6
11.37835,52.78292,5,124.7,4.03,11.1
11.33905,51.48903,30,38.6,7.25,25.2
11.3158,50.68015,12,12.4,5.7,6.5
11.30239,50.19478,19,13.5,6.13,12.6
11.35261,52.90904,5,16.2,6.73,9.4
11.34269,52.58558,5,7,5.74,4.4
11.31857,51.77691,19,17.8,7.71,20
11.31632,51.72306,16,12.6,5.56,8.6
11.30305,51.23772,14,7.5,4.02,5.1
11.28955,50.75238,10,16.3,5.76,9.6
11.26058,49.67366,30,20.9,6.44,17.9
11.23589,48.70247,11,29.1,7.33,17.1
11.23371,48.61255,7,73.8,5.97,29
11.21246,47.73089,20,37.3,6.84,27.9
11.314232,52.621865,4,33.8,3.7,6.8
11.29679,52.02888,24,19.7,7.69,23.3
11.27257,51.16586,28,21.1,7.64,23.3
11.21759,49.06243,36,18.7,7.15,21.1
11.18291,47.60522,62,113.5,6.69,63.8
11.3114,53.50248,5,11.3,6.21,4.8
11.30506,53.30502,3,17.6,5.74,2.5
11.2916,52.85613,3,7.8,6.62,2.4
11.29052,52.81985,4,15.8,5.09,3.9
11.26264,51.84944,23,14,6.79,15.2
11.25464,51.56189,19,11,5.94,11.2
11.25021,51.40012,29,28.8,4.47,15.5
11.24526,51.23799,41,32.9,7.54,23.8
11.23622,50.87888,13,18.3,4.31,7.6
11.28688,53.70066,10,11.4,6.9,10.1
11.25007,52.44282,4,29.3,5.99,7.2
11.24105,52.11934,21,19.6,7.54,22
11.23548,51.92163,23,17.7,7.81,17.9
11.18501,49.98023,37,18.9,7.6,23.1
11.15863,48.88324,39,32.8,7.69,27.9
11.14744,48.39753,21,18.9,7.05,15.1
11.25698,53.71889,5,18.2,4.37,5.6
11.22463,52.58681,5,57.5,3.52,6.3
11.1951,51.49059,17,24.9,4.21,8.9
11.1867,51.16705,30,24.1,7.55,13.3
11.16237,50.19629,14,15.4,6.86,12.1
11.15971,50.08841,41,38.7,7.39,37.3
11.15455,49.87265,40,36.6,7.78,32
11.1506,49.71083,33,15.3,7.95,17.6
11.14682,49.54898,4,7.8,5.63,5.1
11.13674,49.11734,25,13.6,7.01,12.5
11.12447,48.57772,33,44.3,6.63,32.6
11.11846,48.30785,21,24.4,7.48,19.5
11.10664,47.76804,45,123.8,6.8,64.7
11.23329,53.84511,16,13.1,6.83,10.4
11.20978,53.12604,5,10.6,6.5,4.9
11.20552,52.96451,8,17.6,6.11,9.3
11.1879,52.31755,7,25.3,4.24,5.8
11.16856,51.580727,23,10.8,4.54,7.9
11.15227,50.93368,52,41.5,6.43,28.1
11.14818,50.77217,18,12.2,7.89,11.6
11.10292,48.82983,23,12.6,6.54,13.9
11.16747,52.67744,6,9.3,5.47,3.3
11.14291,51.70684,16,23.3,4.15,7.2
11.16579,53.70188,8,10.1,5.07,4.2
11.1604,53.50422,11,11.1,6.42,4.6
11.15021,53.17829,9,15.2,5.75,6.9
11.14643,52.98308,16,35.5,6.34,27.6
11.13896,52.69557,9,86.8,3.68,9.3
11.12969,52.33614,21,13.3,7.71,14
11.12126,52.0129,17,18.3,7.51,17.5
11.11046,51.56333,21,13.8,5.08,11.2
11.10957,51.52736,21,55.2,3.85,13.5
11.07917,50.23308,47,32,7.49,29.9
11.05419,49.10019,38,26.3,6.4,21.5
11.04764,48.77638,29,27.2,7.33,22.1
11.03724,48.29066,22,14.2,6.67,16.2
11.03391,48.1287,27,32.2,6.79,22.3
11.0281,47.84079,23,40.1,6.35,20.3
11.10994,53.88214,6,10.6,6.78,10.1
11.1076,53.79229,16,10.4,7.19,11
11.0771,52.58832,4,9.8,6.36,4.8
11.07321,52.42657,28,106.2,5.98,47.5
11.05651,51.72562,14,54,6.52,13.6
11.03727,50.88082,29,26.1,7.47,25.7
11.01965,50.07178,59,48.5,5.91,30.5
10.98723,48.48905,13,10.3,6.05,17.9
10.97572,47.89527,36,63.2,5.67,28.5
11.0721,53.65062,11,16.8,5.83,8.8
11.0459,52.51665,5,55.8,5.68,10.8
11.04091,52.30104,11,42.9,4.08,7.9
11.01531,51.16854,19,23.7,7.55,27.4
10.96924,48.95703,22,16.3,5.92,10.4
10.95879,48.41731,33,59.7,7.46,39.1
11.03592,53.34357,8,28.9,6.07,10.5
10.9812,50.91724,29,21.1,7.9,22.4
10.97781,50.75546,27,38.7,7.29,28.2
10.96126,49.94642,19,19.1,7.46,14.7
10.99876,53.09133,4,12.7,5.99,2.8
10.99923,52.89456,4,12.2,6.43,5.2
10.98909,52.60706,4,43.3,4.1,6.5
10.96358,51.43879,27,19.8,7.47,24.3
10.96099,51.31293,14,14.6,4.2,8.4
10.93164,49.8567,20,22.8,6.83,23.8
10.91563,49.01142,49,19.8,7.72,24
10.90738,48.56172,21,49.3,7.38,29.6
10.89302,47.75198,31,50.8,5.84,29
10.98751,53.81131,17,14.9,7.69,14.5
10.94263,51.81648,4,48.5,3.54,5.1
10.90515,49.92886,68,61.2,6.35,39
10.89732,49.5153,17,13.8,6.92,9.9
10.89613,49.4433,18,19.3,6.39,11.2
10.88776,48.95776,27,19.2,5.86,13.6
10.88443,48.79579,9,14.2,6.54,9
10.94468,53.29041,2,18.4,6.5,8
10.94374,53.25373,10,9.4,6.6,9.5
10.93577,52.8768,9,6.9,6.47,6.1
10.93076,52.64346,5,15.6,6.52,3.9
10.93002,52.60751,4,78.7,3.93,6.1
10.92727,52.48169,0,415.8,5.11,120.4
10.92319,52.28399,27,14.1,7.27,13
10.91,51.63697,35,58.8,3.84,15.9
10.87509,49.80323,15,9.5,6.38,9.7
10.86443,49.20973,10,9.4,5.36,2.9
10.85505,48.67012,20,40.3,8.08,18.7
10.85081,48.43623,11,10.5,6.5,7.6
10.92592,53.81178,9,15.2,6.55,10.9
10.88249,51.70913,19,37.7,5.42,10.4
10.87014,51.06197,20,40.1,7.69,31.4
10.85818,50.41478,15,28.3,6.34,11.1
10.85234,50.09114,23,14.6,7.38,15.4
10.82732,48.63431,45,66.5,7.5,54.2
10.822,48.31044,33,24.6,7.32,26.5
10.87263,52.6978,6,17.6,4.44,4.9
10.8695,52.53607,3,15.3,6.22,5.8
10.86245,52.17658,11,21.9,4.13,3.5
10.84853,51.43969,13,29.7,6.12,8.6
10.839,50.91838,40,42.4,7.47,32.8
10.83837,50.8824,62,47.7,6.51,38.6
10.80778,49.1022,43,26.8,7.41,21.5
10.79282,48.16672,21,9.2,6.61,8.9
10.7903,48.00475,34,121.2,6.24,62
10.78779,47.84277,17,53.5,6.84,32.5
10.78474,47.6448,29,37.5,6.35,20.8
10.84486,52.78786,13,71.8,5.37,12.1
10.83863,52.46437,2,25,4.69,1
10.81785,51.33203,29,17.3,4.59,15.7
10.81214,51.00846,33,17.8,7.44,21.7
10.79023,49.71391,24,11,6.71,11.7
10.77983,49.06643,30,16.7,5.9,14.2
10.76242,47.93296,30,43.3,6.3,23.3
10.81662,52.85989,4,12,4.89,2.7
10.8076,52.37468,5,31.3,4.87,5.7
10.80177,52.0512,17,53.6,7.2,22.3
10.7671,50.00182,11,13.9,5.9,8.1
10.75607,49.30043,18,34.6,6.68,21.9
10.73207,47.68118,27,55.8,7.12,31.7
10.81283,54.24397,17,13.3,7.41,12.4
10.78269,52.62653,1,32,3.76,8
10.77694,52.3031,16,30.2,4.88,8.8
10.75852,51.17047,22,14.6,7.72,16.5
10.73071,49.44452,25,38.1,6.91,24.5
10.72992,49.39056,9,13.6,7.14,9.4
10.7275,49.22869,11,6,7.49,9
10.72513,49.06681,41,30.8,6.5,24.9
10.71195,48.14926,31,68.3,7.1,37.1
10.70744,47.82532,28,69.4,7.04,33.1
10.7792,54.15183,14,15.9,6.3,10
10.77896,54.11903,17,20.8,7.13,16
10.75718,52.86036,4,10.8,4.56,2.2
10.74344,52.05159,24,26.1,7.35,25.6
10.73757,51.69211,25,68.2,4.86,11.7
10.72472,50.88319,42,34.8,7.62,35.9
10.71722,50.39775,54,18.8,7.71,31.6
10.7148,50.23593,21,14.3,5.98,12.1
10.70813,49.78638,13,9.3,6.66,7.5
10.71547,52.12369,15,13.1,7.25,14.5
10.70293,51.27885,27,19.7,6.94,21.5
10.68547,50.1462,27,14.2,7.43,17.1
10.65265,47.71767,22,30.8,5.57,10.8
10.70537,53.32799,44,44.9,7.01,28.1
10.70185,53.11232,4,9.4,5.94,4.5
10.66966,51.00937,26,18.7,7.69,20.7
10.66811,50.90149,16,27.6,4.89,7.4
10.64162,48.95937,43,20.1,7.82,28.2
10.63955,48.79746,36,32.3,7.19,30.8
10.63747,48.63555,30,16,7.54,19.3
10.63269,48.25771,25,21.9,5.78,13
10.63067,48.09577,23,32.9,5.66,12.9
10.68192,53.74148,37,29.7,6.83,28.1
10.67933,53.57975,3,7.2,5.02,1
10.66975,52.9687,4,18.9,4.07,1
10.66674,52.77103,5,6.1,6.19,3.5
10.6648,52.64522,5,23.3,5.58,8.1
10.66241,52.48345,0,404.2,3.61,24.8
10.661,52.39346,11,9.7,6.44,9.9
10.65757,52.15995,30,42.2,7.7,39
10.65478,51.96224,15,10.7,6.78,9
10.65003,51.63868,24,43.7,4.61,12.2
10.64595,51.35109,32,20.5,6.25,19.8
10.62156,49.53509,22,13.8,6.01,10.4
10.60725,48.40193,8,12.9,5.88,6.9
10.60212,47.95194,25,22.1,6.39,12.9
10.6017,47.91596,49,61.6,6.86,49.7
10.59834,47.62799,28,55.8,7.17,28.2
10.65523,53.97527,16,10.7,6.75,11.1
10.61341,51.06362,31,29.9,6.97,22
10.59487,49.60719,31,28,7.45,23.9
10.57949,48.31199,30,36.8,6.09,11.2
10.57214,47.66412,14,42,6.54,22.5
10.62449,53.95747,0,271.6,6.39,99.8
10.59769,52.05242,48,29.6,7.9,36.3
10.59341,51.72888,30,117.3,4.49,23
10.59175,51.603,19,26.2,5.97,8.4
10.5844,50.9559,40,29,7.69,29.6
10.57867,50.56038,38,46.2,7.18,30.1
10.55992,48.97779,39,20.6,7.87,25.2
10.55808,48.81589,31,19.1,6.48,20.8
10.55629,48.65399,31,24.4,6.04,18.6
10.5541,48.45604,15,12.6,6.01,11.7
10.55312,48.36613,30,21.6,6.22,17.8
10.55232,48.29414,19,11.8,6.94,15.4
10.55136,48.20417,16,24.2,5.65,8.6
10.59809,54.24515,24,28.2,5.71,14.1
10.57385,52.46594,2,28,5.97,4.5
10.56558,51.8189,14,69.7,4.64,11.6
10.54806,50.36273,18,11.1,6.67,11.1
10.54435,50.03907,52,18.8,8.12,25.5
10.5395,49.60744,9,11.7,7.6,12.3
10.52166,47.93436,20,35.2,7.2,20.9
10.56574,54.1195,12,11.4,6.74,6.8
10.56188,53.83197,12,11,6.51,7.5
10.55552,53.34674,39,34.7,6.32,24
10.55346,53.18499,5,7.2,5.77,2.9
10.55206,53.07715,7,10.6,6.41,7.1
10.55126,53.02324,7,8,6.96,5.4
10.54932,52.86141,5,14.5,6.06,5.2
10.54888,52.82555,6,32.9,6.99,10.8
10.54686,52.6638,4,37.8,4.99,3.5
10.54529,52.53798,7,63.7,4.5,10.9
10.54333,52.37625,9,13.8,6.06,6.2
10.53136,51.36962,48,55.1,6.29,34.8
10.528,51.082,17,16.6,4.27,8.3
10.52762,51.04607,48,8.4,8.32,24.1
10.51682,50.07516,31,30.8,7.09,25.5
10.50089,48.54628,26,61.1,7.67,54.6
10.49403,47.84451,19,59.4,7.28,34
10.53131,53.81412,5,17.2,6.5,8.3
10.52927,53.65237,19,46.5,7.49,28.2
10.52657,53.43672,12,72.3,6.54,33.6
10.50097,51.22598,23,24.2,7.46,17.9
10.49075,50.2551,41,45.2,7.12,26.5
10.48204,49.39187,13,12.5,6.24,9.2
10.46966,48.09657,39,122.1,6.5,62.5
10.46669,47.77262,17,55,7.16,28.9
10.50502,54.15571,5,11.9,5.63,4.7
10.48774,52.66405,5,28.2,6.02,7.2
10.47261,51.24403,25,35.4,7.38,21.1
10.46895,50.88452,31,41.1,3.93,11.5
10.46447,50.43503,43,26.3,7.88,24.5
10.45789,49.7517,17,11,7.15,11.8
10.45331,49.2661,74,53.3,6.5,54.8
10.44312,48.13268,0,251.3,5.14,61.9
10.44064,47.84473,25,37.8,5.85,15
10.46762,53.5448,6,18.2,6,3.8
10.45558,52.41254,9,31.2,4.75,6.3
10.451,51.9632,26,45.9,7.5,49.9
10.42121,48.72654,25,25.5,6.22,21.1
10.4119,47.59283,27,42.4,6.32,26.9
10.44438,54.20986,5,13.8,6.07,5.4
10.42985,52.79008,1,20.6,3.93,1
10.42829,52.62831,7,57.4,3.88,7.6
10.42634,52.43063,4,29.2,5.39,5.6
10.41956,51.71164,23,136.6,4.83,27.8
10.41611,51.33417,25,16.9,7.05,19
10.40895,50.52514,32,43.2,7.4,30.6
10.40585,50.16552,21,14.7,6.34,12.8
10.38831,47.9889,30,35.7,6.3,22.6
10.3871,47.82694,26,28.6,5.39,13.8
10.41072,53.94041,15,15.5,6.21,8.5
10.40863,53.68879,13,10,6.69,8.9
10.40104,52.88005,3,8.8,6.42,4.1
10.39711,52.44865,6,30.7,4.31,5.5
10.38625,51.19046,27,28.3,6.21,19.7
10.38492,50.93875,13,18.4,6.39,10.1
10.38351,50.86682,20,132,3.98,12.9
10.377,50.05772,13,14.6,6.91,11.2
10.37251,49.48223,42,45.2,7.12,37.6
10.37174,49.37432,23,14.5,7.05,13.7
10.36526,48.43909,22,18.2,7.1,17.3
10.36067,47.86301,31,29.1,7.36,34
10.35951,47.70102,30,90.7,6.45,47.8
10.38391,54.29993,9,15.1,6.7,8.9
10.37379,53.16769,15,35.1,4.29,12.1
10.36563,52.19715,19,19.9,7.34,18.9
10.35173,50.41745,44,21.7,6.45,20.3
10.33583,48.15104,14,14.8,6.49,12.4
10.34957,53.8687,9,15.3,5.14,5
10.34505,53.31156,3,26.4,5.72,7.9
10.34276,53.024,4,18.3,6.85,6.9
10.33904,52.53875,3,13.2,5.63,3.5
10.338,52.41298,3,5.2,6.33,4.7
10.3344,51.92763,22,36.4,4.55,10.8
10.32937,51.24457,44,22.7,8.07,25.4
10.32849,51.11874,40,37.3,7.7,33.5
10.3226,50.27366,30,16.9,7.53,20.5
10.32069,49.98597,25,14.8,7.71,16.1
10.31935,49.78814,17,21,6.18,12.9
10.31539,49.17635,20,10.1,7.46,13
10.31207,48.65493,18,14.7,7.95,15
10.30885,48.13313,23,26.1,6.46,15.2
10.3081,48.00716,27,32.3,6.05,17.4
10.31008,52.62869,8,14.4,4.12,6.7
10.30451,51.81984,20,190.3,3.59,21.1
10.28451,48.58305,20,123,7.28,61.8
10.28091,47.93524,35,38.8,5.95,23.6
10.27913,47.61127,19,35.2,6.07,22.2
10.28786,53.79813,7,19.3,5.45,7.6
10.2842,53.18592,4,33.2,6.16,10.1
10.27435,51.6222,15,29.1,6.49,14.9
10.27284,51.37054,25,19.4,7.07,20.6
10.26412,49.84222,32,12.2,8.02,12.3
10.26321,49.68037,39,17.7,8.05,18.9
10.26236,49.51851,19,11.4,7.91,16
10.25844,48.78101,36,33.7,7.37,33
10.25273,47.64732,20,37.8,7.38,25.9
10.25292,52.95235,3,34.5,3.93,5.5
10.25013,52.46708,7,36,7.59,17.1
10.24773,52.03569,26,15.6,8.01,20.8
10.24568,51.65822,18,14.1,7.37,15.3
10.24539,51.55043,22,13.5,6.91,13.6
10.23575,49.71642,20,6.3,7.23,10.4
10.23057,48.63714,32,16.9,7.12,18.9
10.22867,48.25927,20,6.1,6.32,7.3
10.22691,47.82738,25,28.7,5.54,13.6
10.22504,53.31186,5,58.8,5.67,11.3
10.2217,52.66483,2,34.4,4.63,5.6
10.22028,52.37727,6,8,5.94,5.5
10.21332,50.92121,10,16.2,4.58,5.9
10.20952,50.07614,21,10.2,6.85,12.5
10.20269,48.45726,24,32.5,7.53,19.9
10.2022,48.33132,14,13.6,6.45,10
10.20029,47.84542,21,29.4,5.53,12.6
10.19951,47.64743,24,25.4,6.03,13.5
10.19933,54.22845,16,10,7.23,11.9
10.18925,51.96435,18,11.6,5.87,11.7
10.18569,51.118999,11,17.4,4.5,8.5
10.18326,50.47165,33,32.9,7.62,34.4
10.18062,49.82442,36,17.5,7.93,19.5
10.17944,49.50069,34,16.8,7.73,22.8
10.17437,48.07943,15,11.2,6.08,9.7
10.17383,47.91747,32,43.2,6.33,26.5
10.1657,53.49166,55,27,6.08,33.5
10.16427,53.11418,3,9.1,4.55,2.1
10.16227,52.59306,2,4.6,4,2.5
10.1586,51.55051,16,12.9,7.09,16
10.15691,51.06513,27,17,5.39,11.8
10.15638,50.90341,6,36,3.97,17.9
10.15319,49.93237,29,12.9,8.14,19.8
10.15191,49.51873,38,37.3,7.5,40.7
10.15016,48.96108,20,17.3,7.19,15.3
10.13335,52.7728,1,28.2,3.93,3.2
10.13269,52.55715,7,10.2,6.21,8.8
10.13152,52.1617,16,13.2,7.01,13.6
10.13202,52.07159,28,16.7,7.48,19.4
10.13046,51.8022,16,11.6,4.57,5.4
10.12913,51.31685,28,29.8,7.87,31.4
10.12715,50.6157,42,39.2,7.44,39.3
10.12545,49.96838,25,13.1,7.9,19.2
10.12391,49.37489,36,29.4,7.3,24.8
10.12359,49.24897,45,35.2,6.92,24.7
10.12262,48.83517,21,16.2,5.54,11
10.12082,48.11549,22,45.3,7.32,22.3
10.12062,48.02552,23,27.2,7.32,20.7
10.10125,51.71237,13,14.3,4.54,6.8
10.10093,51.55058,17,12.1,6.73,10.9
10.10058,51.38879,17,22.1,3.93,11.9
10.10016,51.226997,15,17.9,4.44,3.8
10.09952,50.9034,7,14.9,4.59,6.9
10.09882,50.57976,27,43.5,6.3,24.9
10.07654,54.19269,5,16.2,5.65,4.4
10.07473,53.15028,8,28.2,6.34,9.8
10.07417,52.82679,6,40.7,5.74,11.1
10.07388,52.66499,3,103.4,3.43,10.6
10.07235,51.76628,14,29.7,3.8,8.3
10.07184,51.40677,18,22.6,4.1,6.5
10.07157,51.24506,48,68.6,6.27,35.4
10.07113,50.92138,9,21.1,5.04,8.3
10.06936,49.75262,22,11.5,7.12,14.2
10.06778,48.61937,34,48,7.44,36.9
10.04429,52.62906,6,19.4,6.31,8.6
10.0408,48.74531,22,39.9,5.67,11.6
10.04048,48.42146,33,22.6,7.47,27.4
10.01485,52.91667,2,18.6,5.37,2.9
10.01476,52.5033,2,16.8,4.91,2.9
10.0146,52.0539,16,5.4,4.97,9.7
10.01478,52.01799,14,12.3,6.87,13.7
10.01425,51.08321,44,83.1,7.42,53.9
10.01395,50.07634,24,38,6.9,26
10.01362,48.81728,53,44.3,6.51,35.1
10.01346,48.22353,20,29.5,5.46,13.5
10.01313,47.84541,17,16.9,5.48,7
10.0133,47.68361,27,37.4,5.58,21.9
9.98482,53.81527,6,13.9,4.79,1
9.9857,51.98158,22,16.9,7.55,19
9.98594,50.41799,12,17.2,5.85,8
9.98573,50.25615,13,9.6,6.61,6
9.98621,49.44688,21,13.9,7.65,17.9
9.98659,48.09756,18,15,6.54,11.2
9.98663,47.82761,25,36.4,5.93,12.5
9.9867,47.61162,22,30.7,5.34,10.6
9.95373,54.44433,7,9.6,6.46,6.6
9.95391,54.3185,20,12.3,6.27,10.2
9.9546,53.95887,8,83.5,5.62,14.5
9.9546,53.6715,4,16.2,5.51,6
9.95611,52.21569,17,18,7.56,18.3
9.95717,51.20913,12,14.8,7.2,10.1
9.95778,50.43596,44,66.2,5.2,25.9
9.95852,49.59076,26,12.4,7.79,14.6
9.95879,49.26701,45,26.3,7.59,25.1
9.95888,49.10511,47,49.2,6.88,30.4
9.95944,48.49343,23,19.4,7.39,18.3
9.95887,48.29534,12,13.7,6.5,8.9
9.9597,48.16938,18,14.2,6.6,9.2
9.95995,47.80966,20,53,5.51,17.3
9.96005,47.68361,22,29.3,5.04,9.4
9.9233,54.22865,3,7.6,5,3.1
9.92396,53.90511,2,26.7,4.88,2.6
9.92875,50.99331,28,40.4,7.52,22.9
9.92952,50.50787,21,26,6.9,35.1
9.93048,49.86052,38,20.1,8.12,26
9.93066,49.69868,36,21.6,7.09,25.1
9.9312,49.33893,47,28.4,5.66,21.4
9.9321,48.69133,27,20,5.94,9.1
9.89387,53.76132,4,24.9,6.35,10.5
9.89648,52.68297,3,20.3,5.75,4.8
9.898,52.03591,35,25,7.85,30.4
9.9003,50.9753,9,31,3.96,3
9.90201,50.16621,16,24.2,7.39,14.2
9.90504,48.63736,46,20.1,6.33,24.2
9.86135,54.42626,19,14.5,7,13
9.86733,52.55713,3,10.2,7.15,6.9
9.86765,52.44928,59,46.8,6.17,33.5
9.87108,51.26294,12,11.3,6.03,6.5
9.87127,51.191,10,107.2,3.74,8.2
9.87196,50.93933,17,18.9,4.94,9.8
9.8724,50.77751,34,29.6,6.04,21.8
9.87456,49.96835,42,12.5,6.85,24.5
9.87559,49.57272,17,10.8,7.45,11.6
9.87695,49.05107,34,22.1,7.04,22.1
9.8773,48.88917,29,18.9,5.3,13.7
9.87938,48.02548,21,16.3,6.23,9.8
9.88042,47.59356,26,49.1,5.67,18.8
9.83974,52.03585,35,39.4,6.15,24.5
9.84083,51.71228,33,31.3,6.93,23.3
9.80572,53.15015,2,23.7,5.88,3.5
9.80628,53.02433,7,15.2,5.78,4.9
9.80837,52.53907,4,13.7,5.71,4.4
9.81147,51.85631,16,11.7,6.64,10.8
9.81167,51.76615,13,45,6.87,27.6
9.8125,51.56845,11,11.5,5.39,4.2
9.81464,51.0471,25,45.8,4.78,15.1
9.819,49.91434,7,8.4,7.75,8.4
9.82006,49.62659,16,11.8,7.04,13.2
9.82071,49.46472,25,33.3,7.28,30.1
9.822,49.10498,51,47,7.07,31.6
9.82642,47.84544,19,43.3,5.68,14.1
9.77173,53.9229,4,25.9,4.2,3
9.77431,53.43767,5,20.3,6.66,5.4
9.78476,51.33469,20,65.5,7.53,18.9
9.79342,49.39273,39,30.9,6.99,25.4
9.79935,47.93541,20,15.7,6.04,8.5
9.80061,47.61145,25,31.4,5.85,15.8
9.73781,54.47999,3,10.1,5.22,3.3
9.74086,53.99474,6,48.6,5.86,10.5
9.75136,52.17949,9,13.3,7.59,13
9.75456,51.62227,15,42.5,4.45,7.7
9.75666,51.20887,33,34.7,7.28,28.2
9.75737,51.08302,23,15.7,7.69,16
9.75839,50.8852,10,13.3,4.5,5.6
9.75963,50.65147,17,14.3,6.63,9.7
9.76092,50.39975,18,24.6,5.36,5.4
9.76398,49.78835,27,10.7,7.91,18.5
9.76683,49.19482,22,18.9,7.37,16.3
9.77022,48.45713,41,30.4,7.64,28.4
9.77372,47.68338,23,34.7,5.14,11.1
9.70712,54.46196,8,35.4,6.32,11.7
9.70747,54.40801,7,14.5,7.2,9.6
9.71394,53.4374,6,15.7,6.08,5.3
9.71636,53.11417,1,53.1,4.36,5.9
9.72395,51.90977,10,46.8,3.74,7.9
9.72413,51.87387,21,30.2,4.5,9.2
9.72503,51.6581,12,13.5,5.98,8.9
9.72897,51.06492,12,32.8,3.9,6.9
9.72927,51.01098,7,24.9,5.1,7.2
9.72989,50.90312,14,10.4,6.22,5.6
9.73569,49.87823,17,12.4,7.06,14.5
9.73637,49.77029,33,16.6,7.45,21.2
9.74061,48.96092,9,15.7,4.78,7
9.74312,48.47515,39,23.4,7.34,29.1
9.74476,48.15125,19,15.3,5.79,10.8
9.74558,47.98929,15,20.8,5.98,7.1
9.74746,47.61132,11,44.5,7.47,28.3
9.68349,53.50933,31,31.6,6.12,20.2
9.69626,51.69402,20,39.8,4.62,10.5
9.70444,50.43559,46,47.3,6.72,41.2
9.71871,48.00723,14,11,5.4,6.1
9.64741,54.22813,4,42.4,6.06,11.5
9.6557,53.22169,0,386.9,5.68,109.8
9.65663,53.09589,2,33.9,5.46,5.5
9.6592,52.77242,1,21.7,3.9,2.2
9.66742,51.60465,10,14.4,5.62,6
9.67038,51.28051,12,63.7,3.89,9.1
9.68336,49.37449,26,16.6,6.29,14.1
9.68463,49.17665,36,21.3,6.89,19.2
9.68666,48.85284,27,26.1,5.37,16.9
9.61756,54.13818,4,23.2,5.33,5.7
9.63217,52.46676,4,21.4,5.24,5.1
9.6351,52.10732,17,28.6,5.44,8.7
9.64206,51.22647,15,30.3,4.41,7.5
9.64529,50.81301,25,35.3,5.67,18.4
9.64869,50.3635,36,47.9,5.47,28.3
9.65455,49.55425,39,14.9,6.83,20.5
9.65688,49.23051,21,15,7.36,14.8
9.66428,48.0972,18,10.2,6.28,9.2
9.66522,47.98907,28,45,6.87,29.1
9.58251,54.58733,12,21.1,6.46,10.8
9.61106,51.51403,12,53.5,6.4,10.9
9.61182,51.42417,17,80,3.94,10.1
9.61649,50.86685,9,26.2,4.46,5.9
9.61911,50.54321,30,37.2,7.54,31.8
9.63355,48.67276,55,54.2,6.39,41.1
9.63551,48.40286,30,37.4,7.13,33.6
9.63643,48.27692,28,26.4,7.52,25
9.6403,47.7547,20,22.5,5.93,11.5
9.56811,53.00591,4,40.1,5.6,10.6
9.56963,52.84398,8,28.4,6.37,8.7
9.60017,49.4462,42,23.3,7.83,30
9.51957,54.67707,9,19.1,6.47,9
9.5223,54.44338,5,95.1,4.82,19.3
9.52559,54.15583,38,161.3,4.99,23.1
9.5349,53.31117,3,41,5.66,10.2
9.54469,52.37654,7,13.5,6.95,8.6
9.55724,51.11839,5,55.9,3.7,8.7
9.56021,50.79484,9,14.7,6.48,7.4
9.56991,49.75182,27,22.3,7.5,19.8
9.57088,49.62571,19,9.1,8.07,11.9
9.57244,49.46404,38,39.6,6.23,26.1
9.53625,50.3631,49,57.8,7.09,34.3
9.46022,54.47905,6,24.9,6.22,13
9.46367,54.20951,0,349,4.03,31.5
9.4709,53.63442,44,53.8,5.21,18.9
9.47265,53.50864,5,24.5,6.39,6.6
9.47384,53.40078,6,26.4,6.61,9.2
9.47889,52.98748,6,36.5,6.16,6.9
9.48083,52.82541,6,22.1,5.17,4.1
9.4879,52.21461,12,20.2,5.01,4.9
9.49283,51.78326,16,29.4,4.32,4.8
9.49382,51.69335,12,31.9,4.23,6.6
9.49876,51.24392,23,52.5,4.17,11.1
9.50342,50.81246,7,18.9,4.96,5.9
9.50513,50.65066,13,18,6.88,9.4
9.51598,49.58975,46,21.5,7.55,26.5
9.52549,48.61841,43,41,6.39,24.4
9.52767,48.38447,28,45.2,6.9,40.3
9.53364,47.73663,26,31.1,7.37,24.9
9.43182,54.29921,11,24.6,4.86,7.9
9.43472,54.08356,7,15.3,6.06,6.1
9.43836,53.81399,27,15.9,6.99,18.6
9.46042,52.07066,17,38.6,4.05,8
9.4722,51.06405,25,19.8,7.32,18.9
9.47231,51.01053,30,20.3,7.51,22.7
9.41228,53.50834,3,19.9,5.71,3.4
9.45891,49.75132,10,14.7,6.46,10.3
9.46389,49.3017,30,9.1,7.34,14.7
9.46428,49.26575,31,20.6,6.85,17.9
9.47927,47.84436,16,15.7,6.09,9.8
9.40058,52.25021,17,13,7.57,13.7
9.40186,52.08837,10,12.2,7.17,8.2
9.41606,50.99187,21,12.8,5.62,12.4
9.42251,50.47046,41,57.5,5.31,18.5
9.43784,49.17567,29,25,6.78,23.5
9.44512,48.52802,41,70.4,7.25,35.5
9.3386,54.37065,58,109,5.05,34.3
9.34054,54.24484,0,316.3,4.19,35.2
9.36654,52.51957,2,93.4,5.64,8.5
9.38224,51.38717,44,87.8,6.83,61.4
9.3852,51.1715,17,22.4,6.9,15.6
9.38608,51.06335,26,25.3,7.28,21.7
9.39626,50.32657,40,35.3,5.71,29.3
9.40977,49.2295,18,11.6,6.4,10.8
9.41298,48.95965,16,14.4,5.07,8.3
9.41741,48.58189,25,30.7,6.34,18.1
9.42237,48.15004,28,172.4,6.74,85.9
9.30291,54.658,5,108.3,5.62,21.5
9.30956,54.26266,12,19.4,5.83,8.1
9.3102,54.2267,5,11.3,5.43,1
9.3175,53.77744,11,16.3,6.2,6.8
9.33026,52.96874,4,32.7,4.02,4
9.33269,52.80699,5,12.1,5.29,2.4
9.33543,52.64524,4,22.2,6.01,7.7
9.34846,51.74654,34,31.4,5.33,15.6
9.35895,51.02762,28,9.1,5.83,6.8
9.3608,50.86574,9,15.1,4.5,5.7
9.36203,50.77584,17,16.9,5.54,9.5
9.38004,49.40916,33,20.7,7.35,24.6
9.39792,47.95195,14,12.7,6.84,11.2
9.3175,51.87217,20,44.2,5.29,6.4
9.33419,50.7397,16,13,4.3,9
9.23831,54.80142,11,40.3,6.61,16.1
9.25934,53.63331,3,15,6.65,6.6
9.26766,53.14808,5,11.4,5.32,4.1
9.28253,52.24947,27,20.5,7.94,17.1
9.29831,51.24289,23,31,6.11,19.7
9.30352,50.88336,10,15.6,5.92,6.3
9.30746,50.63166,21,41.9,6.01,27.5
9.30801,50.5957,23,30.7,6.49,19.8
9.30984,50.46985,27,36.2,5.35,11.2
9.3254,49.30019,28,18.1,7.72,18.8
9.33256,48.85128,36,17.7,6.97,19.4
9.33345,48.77932,33,25.5,7.34,18.7
9.33901,48.36554,25,23.2,7.21,20.1
9.17931,54.63934,1,16.2,5.2,3.7
9.18331,54.44161,5,18.9,5.52,4.4
9.20117,53.50691,3,21.1,5.2,4.6
9.20625,53.23756,2,67,4.55,6.6
9.21888,52.53668,4,10.3,5.24,2.9
9.22473,52.21301,17,15,5.06,4.8
9.22647,52.10531,12,79,3.55,11.4
9.2274,52.05139,14,14.8,6.99,12.5
9.22795,52.01546,22,20.7,4.8,9.3
9.22925,51.94355,16,16.7,6.42,9.4
9.24543,50.97288,3,11.9,5.67,2
9.24705,50.8111,8,9.4,6.33,6.7
9.25321,50.48748,27,38.5,5.29,14.9
9.25619,50.32535,17,18.4,6.44,13.5
9.26575,49.67833,14,14.9,5.96,7.6
9.28705,48.22121,45,32.8,6.71,30.5
9.29455,47.68135,32,37.2,7.75,28.6
9.14543,54.78285,6,37.6,5.47,4.4
9.16831,53.65067,0,423.9,3.89,38.8
9.1915,52.46461,24,25.7,7.76,4.7
9.21817,50.90079,21,17.1,7.4,14.3
9.13514,53.79424,39,39.8,5.81,16.5
9.16303,52.3745,0,205.3,3.94,18.1
9.16806,52.10494,12,98.9,3.84,12.8
9.18375,51.2421,15,13.9,7.22,13.2
9.21445,49.42614,29,34.3,5.54,8.9
9.22214,48.94051,26,18.9,7.56,18.8
9.11273,53.41665,3,54.3,5.47,13.3
9.11935,53.09318,7,99.5,5.11,27.4
9.12973,52.57206,16,13,6.66,13.1
9.15668,51.15202,15,14.8,6.3,8.5
9.16261,50.82848,19,14.9,6.81,13
9.16841,50.50488,24,27.2,5.9,17.5
9.169,50.46892,27,47.3,5.22,12.5
9.19103,49.17452,18,14.3,7.81,14.8
9.05802,54.53061,3,20.9,6.02,4.7
9.09482,52.84137,13,31.9,6.67,15
9.10465,52.35611,7,54.7,4.29,4.2
9.11537,51.81694,11,10.2,6.42,8.3
9.13087,51.00805,19,18.7,4.49,7.6
9.13595,50.7384,25,26.7,4.98,13.4
9.14635,50.16305,19,14.1,5.73,10.6
9.14828,50.03754,15,14,6.31,8
9.18383,47.9324,22,16.3,6.62,10.4
9.18582,47.82458,13,10.9,6.57,9.4
9.04658,53.68576,4,104.9,4.47,12.2
9.07454,52.39185,15,14,5.96,11.3
9.07855,52.23015,14,21,7.46,13.3
9.07941,52.1582,15,19,5.59,9
9.08345,51.96049,18,15.7,7,11.8
9.0877,51.74479,32,35.1,6.55,21.9
9.09323,51.4752,35,20.4,7.72,19.5
9.09632,51.31347,13,106,3.67,12.5
9.10063,51.0977,23,28.9,4.32,13.4
9.10583,50.82808,19,14.8,6.17,13.3
9.10889,50.66626,28,21.4,5.99,24.8
9.113,50.45052,19,17.1,6.22,11.7
9.12035,50.05494,14,8.7,5.82,8.5
9.12381,49.89352,17,8.4,6.62,10.4
9.13493,49.2457,33,10.4,7.68,20.5
9.03543,52.84091,7,31.1,5.23,5.5
9.03892,52.67914,3,10.2,5.68,4.5
9.09758,49.76707,5,11.1,5.65,2.6
8.99327,53.37976,0,415.9,4.06,38.9
8.99408,53.34382,0,429.8,4.04,57.3
9.00813,52.73281,6,28.2,6.84,11.5
9.01264,52.53516,7,12.8,6.62,8
9.01717,52.33737,9,17.8,5.35,4.9
9.03788,51.36694,17,20.1,4.84,8.3
9.04728,50.9175,13,19.8,5.45,8.2
9.04797,50.88154,9,56.7,4.45,7.2
9.0538,50.59389,23,27.8,5.81,16.5
9.08136,49.17331,10,7.9,6.7,7.6
8.96965,53.10996,11,104.9,5.03,22.2
9.05002,49.38862,13,13.1,6.79,8.2
9.05602,49.06517,26,12.9,7.65,18.5
9.07713,47.93174,35,28.1,6.37,19
8.89638,54.79887,5,19.3,5.92,6.7
8.90168,54.6012,25,14.9,7.7,14.4
8.90787,54.36759,48,47.1,6.24,26.8
8.93155,53.39667,7,27.5,5.73,5.1
8.93802,53.18158,0,284,4.66,39.8
8.95447,52.49868,14,76.4,5.35,16
8.9603,52.26532,13,24.6,6.36,9
8.97133,51.77979,0,216.1,3.72,14.4
8.97231,51.72591,10,121,3.76,10.4
8.99036,50.91701,17,25.3,6.54,15.6
9.0051,50.23389,31,4.3,6.59,18.2
9.03979,48.48928,25,24.7,7.42,19.9
9.049,48.00348,39,32.7,7.23,23.5
8.91282,53.0017,18,19.9,6.37,14.3
8.93376,52.139,12,16.2,5.36,4.9
8.94895,51.49195,10,21.9,4.06,6
8.95216,51.33053,15,14.2,6.64,11.5
9.0142,48.41709,44,45.8,7.45,28.9
8.87492,53.30684,13,49.7,5.22,9.5
8.90761,52.01293,10,13.1,6.83,11
8.91064,51.88711,13,12.6,6.89,10.5
8.91712,51.61749,42,29.2,6.7,23.7
8.91847,51.56364,27,32.4,4.28,6.1
8.92686,51.20411,16,71.6,4.29,11.8
8.938,50.71874,22,11,7.12,15.3
8.94144,50.59285,24,20.8,5.9,19.3
8.95947,49.74786,20,10.2,7.58,14.9
8.97014,49.26249,13,14.1,7.44,13.1
8.97652,48.93853,18,13,8.03,14.7
8.99293,48.12894,25,32,5.53,11.7
8.83325,53.73785,36,49,5.39,20.2
8.85591,52.89325,8,37.6,5.55,8.6
8.86755,52.44398,5,29.3,5.63,8.5
8.86874,52.40808,4,15.7,5.29,4.5
8.90037,51.11397,21,36.6,4.61,10.6
8.9155,50.4668,32,15.5,7.6,25.8
8.91918,50.30502,23,13.7,6.74,13.4
8.81244,53.39612,4,106,5.31,10
8.87444,51.00584,14,14.3,4.19,6.7
8.87835,50.84405,12,10.6,7.15,10.1
8.89366,50.19684,23,17.2,7.35,17.4
8.93048,48.54224,39,22.2,7.88,23.7
8.73875,54.86928,31,30.6,5.31,17.3
8.78557,53.28778,7,23.5,5.26,5
8.78781,53.19806,54,180.3,5.43,58.1
8.79252,53.03644,36,32.7,6.31,25.6
8.82487,51.83239,2,90.1,3.86,6.7
8.82997,51.63466,29,16.8,6.6,12.1
8.86204,50.34042,27,16.5,7.49,18.6
8.86735,50.12466,19,22.6,7.31,18.3
8.88985,49.1536,27,10.9,7.6,17.5
8.89347,48.99176,39,18.6,7.61,21.4
8.89704,48.82982,29,11.6,7.78,21.6
8.91962,47.78629,13,9.8,6.41,7.4
8.74498,53.64707,0,368.1,4.03,46
8.75908,53.16188,23,114,5.22,23.5
8.76832,52.83843,14,75.2,5.32,19.9
8.79914,51.70626,49,57.3,7.42,37.6
8.72015,53.46705,5,30.1,5.49,6.6
8.75296,52.33496,6,13.7,6.75,7.9
8.7566,52.20918,7,10.4,6.75,6.8
8.76442,51.92168,52,43.4,4.55,28.2
8.78712,51.07688,13,21.2,4.45,7.8
8.79453,50.78921,8,49.4,4.36,9
8.79872,50.62747,35,16.8,7.04,35.4
8.80375,50.42973,31,22.1,6.79,19
8.81896,49.81839,16,12.7,7.5,12.9
8.83254,49.26093,15,14,7.96,12.9
8.86584,47.80376,24,12.9,7.58,16.5
8.72928,52.13694,10,9.8,7.3,9.5
8.77747,50.35752,28,16.1,6.96,18.4
8.65879,53.50235,0,254.3,4.33,33.6
8.68201,52.74763,6,23,5.83,6.7
8.68352,52.6937,4,36.4,5.62,11.1
8.69201,52.42405,4,19.5,5.21,3.4
8.71307,51.68733,28,13.7,7.47,18.6
8.72115,51.4002,17,40.7,4.76,7.8
8.7256,51.23805,32,65.6,5.05,14.1
8.72656,51.20209,27,23.6,6.28,9.2
8.72853,51.13008,23,25.1,4.88,9.5
8.731,51.04032,18,14,7.12,11.2
8.7354,50.87853,9,8.8,7.02,6.9
8.73976,50.71667,12,18.1,5.59,6.9
8.74337,50.59111,16,13.5,6.41,12.1
8.74603,50.48307,25,17.9,6.91,18.1
8.76351,49.83565,19,12.9,6.99,15.5
8.79631,48.4869,15,10.2,5.27,8.3
8.65624,52.62154,3,60.5,5.01,13.5
8.71984,50.41082,28,20.2,7.29,23.3
8.60496,53.30401,0,325,4.67,35.4
8.6493,51.88448,7,26.9,5.5,5.4
8.65411,51.72266,4,25.1,5.54,6.7
8.67297,51.07561,18,37,4.16,9.3
8.7268,49.13399,17,12.4,7.91,15
8.74233,48.48623,29,27,7.5,22.9
8.61302,52.11771,15,12.1,7.28,10.7
8.61802,51.95595,3,24.4,4.29,2.1
8.64705,50.98541,21,24.1,5.41,9.5
8.64807,50.9495,16,16.5,4.23,7.4
8.65277,50.7877,23,27.6,4.69,11.8
8.67014,50.17649,25,23.3,6.9,18.1
8.69654,49.20549,25,26.6,6.51,23.9
8.70047,49.04392,27,23,7.77,20.1
8.57288,52.45864,7,20.7,6.02,9
8.59182,51.86579,4,21,5.55,6.7
8.60833,51.32661,29,124.9,3.81,19.7
8.66717,49.27711,23,23.4,7.78,22.6
8.52117,53.12327,0,429.7,4.55,97.5
8.53337,52.76389,3,10.3,6.49,6.3
8.54936,52.2789,15,13.7,6.29,9.1
8.58017,51.30827,22,117.1,3.86,12.9
8.58516,51.14654,21,43.4,4.7,7.3
8.59876,50.69715,20,22,5.92,13.2
8.60142,50.60727,17,19.7,5.48,10.4
8.60357,50.53535,25,16.4,7.4,15.4
8.63259,49.52845,20,16.6,6.8,16.4
8.66772,48.23347,45,37.9,7.46,34.5
8.49567,52.99712,6,28.9,4.49,4
8.507,52.67449,4,18.9,5.74,3.8
8.45242,53.37408,27,26.3,5.26,13.8
8.45952,53.17644,34,46.7,5.34,21.6
8.492,52.24206,10,13.6,6.29,8.8
8.5094,51.7209,3,13.9,5.8,3.7
8.5188,51.43342,29,115.6,3.78,16.5
8.52515,51.23565,24,73.7,4.57,9.2
8.53935,50.78632,29,22.6,5.87,10
8.57952,49.45593,32,28.8,7.63,20.1
8.58419,49.29408,6,7.3,6.3,7.6
8.62462,47.83688,40,34.6,7.31,31
8.44383,52.78074,6,38.4,4.93,7.2
8.56355,49.05998,15,14.5,7.63,15.5
8.58208,48.41235,52,66.9,7.36,38.1
8.3917,53.39127,46,79,5.3,26.1
8.42328,52.5288,5,43.1,5.93,14.8
8.42712,52.42101,10,11.2,5.49,6.9
8.46066,51.45061,31,66.7,5.16,9.8
8.4714,51.12717,29,167.3,3.59,15.8
8.51285,49.83284,22,12.4,7.86,15
8.51559,49.74291,26,9.7,7.59,15.5
8.53994,48.93361,22,11.5,6.8,14.4
8.56334,48.12421,21,36.7,7.3,26.6
8.56994,47.89027,27,22.7,7.93,17.3
8.40034,52.34875,17,31.9,6.03,18.2
8.42319,51.70184,36,20.2,7.69,27.4
8.46137,50.56953,23,17.6,6.96,14.8
8.48893,49.70659,15,8.9,7.24,11.7
8.50399,49.22105,4,10.9,6.11,6
8.53127,48.30377,25,12.6,7.86,20.3
8.53749,48.08787,29,21,7.82,20.7
8.33508,53.30061,0,302.6,4.98,28.3
8.37157,52.33034,11,33.7,3.64,7.6
8.38329,52.00691,3,44.9,3.68,4.9
8.42714,50.74887,20,45.5,6.6,30.3
8.5194,47.79991,28,31,7.48,18
8.3072,53.2463,11,98.8,5.15,15.9
8.31352,53.08459,4,49.2,4.82,4.3
8.33353,52.56354,0,393,5.19,90.3
8.35024,52.11436,11,17.9,5.46,6.8
8.36208,51.79087,4,9.9,5.5,3.4
8.38635,51.10799,41,47.5,3.83,10.8
8.39752,50.78447,27,35.3,4.39,15.5
8.43532,49.6519,27,13.7,7.76,24.2
8.44448,49.3642,23,13,7.85,18.3
8.48439,48.06915,33,6.6,6.76,22.9
8.27435,53.31774,51,49,6.02,31.4
8.33049,51.86232,4,27.2,6.54,10.5
8.36165,50.99973,26,44.8,4.35,8.4
8.40582,49.70543,35,23.3,7.78,31.6
8.41643,49.38179,6,6.3,5.52,3.9
8.42163,49.21997,18,11.6,8.06,17.4
8.44323,48.5365,14,28.5,7.16,15.3
8.25887,52.95797,4,39.1,5.08,5.7
8.31513,51.50256,33,25.2,7.35,21
8.32665,51.17909,26,24.1,7.1,14.1
8.32997,51.08918,27,44.3,3.9,8.9
8.38294,49.56121,31,20.3,7.74,20.8
8.38586,49.47129,39,15.8,7.9,26.7
8.44452,47.61857,29,30.6,7.05,24.8
8.24721,52.50839,9,139.5,4.96,36.4
8.32602,50.40577,23,23.2,5.76,15.7
8.4017,48.13998,15,33.7,5.2,7.1
8.41683,47.65418,34,37.7,6.95,33.1
8.21048,52.6876,3,12.8,6.82,6.1
8.22205,52.40012,2,16,5.17,2.9
8.22497,52.32827,11,31.6,5.78,9.9
8.22878,52.2387,4,11.2,7.46,8.3
8.22991,52.2025,15,18.8,7.57,15.9
8.24165,51.91511,3,20.7,4.82,5.3
8.2478,51.75326,20,19,7.63,17.8
8.26604,51.26806,23,27.3,4.8,7.8
8.30889,50.06417,27,14.2,7.54,17.8
8.31893,49.81213,21,20.6,8.08,20.1
8.32144,49.74021,17,16.7,7.97,12.7
8.17723,52.77699,6,28.4,5.03,7.1
8.24158,51.15981,23,37.9,5.44,7.5
8.28921,49.86564,32,13.9,8.29,22.5
8.36528,47.59942,34,44.8,7.25,31.9
8.12355,53.33348,6,51.3,5.21,10.6
8.15586,52.57891,4,11.4,5.75,2.7
8.1759,52.0938,5,12.4,6.21,4.9
8.17809,52.03992,3,27.2,3.62,4
8.18964,51.77035,14,18.5,5.59,11.3
8.1975,51.55473,15,15,7,11.1
8.20177,51.44691,29,146.4,4.36,15.3
8.21019,51.23122,22,23.5,5.62,9.7
8.25881,49.93712,21,12.6,8.03,16.3
8.26273,49.82927,45,17.6,8.28,27
8.2685,49.66746,22,13.4,7.99,18
8.28756,49.12802,9,11.1,7.24,8.1
8.32939,47.88688,23,41.2,7.13,30.2
8.12936,52.50659,5,11.7,5.52,5.6
8.13618,52.34489,6,60.5,3.84,5.4
8.16785,51.64408,14,12.4,7.08,12.3
8.30683,47.76054,37,31.4,6.62,20.3
8.10079,52.48814,6,31.5,6.3,11.1
8.12132,52.00295,9,16.9,5.66,6.9
8.13111,51.76928,47,40.8,6.44,29.4
8.14769,51.35594,20,46.6,4.84,9.7
8.16576,50.90682,20,28.7,4.79,8.4
8.19234,50.22388,19,27.4,5.43,7.1
8.20917,49.77445,22,14,8.05,16.1
8.21644,49.5767,25,12.3,8.15,17.4
8.22239,49.41487,20,21.5,7.57,18.1
8.23278,49.12715,11,7.2,6.01,4.4
8.03724,53.23934,13,49.3,5.73,20
8.05226,52.91884,2,23.7,4.99,3.4
8.06659,52.59548,3,17.1,5.51,3.9
8.09264,51.94875,4,31.3,7.25,14.4
8.10138,51.78669,28,20.1,7.69,19.4
8.10444,51.751,25,21,6.35,17.4
8.18479,49.68414,21,18.2,7.77,16.9
8.25408,47.74173,19,29.5,5.77,10.8
8.0044,53.3136,3,30.7,4.34,3.9
8.06495,51.96607,3,14.5,5.24,5.2
8.08528,51.481,23,52.7,4.45,12.2
8.09198,51.3193,25,27.9,5.32,10.2
8.09651,51.21152,23,124,3.7,17.6
8.11839,50.67232,30,55.9,5.74,19.7
8.15022,49.86348,43,18.7,7.51,26.5
8.16053,49.59379,28,42.3,8.01,27.7
7.96502,53.5107,26,11.2,6.52,14.6
7.98366,53.11549,7,81.4,5.04,12.4
7.98783,53.02566,4,26.2,6.18,6.5
8.0173,52.37891,10,22.2,3.77,5.7
8.02925,52.10937,2,26.1,4.91,3.4
8.0363,51.94772,2,16.2,5.62,6.4
8.06653,51.24701,24,126.4,3.5,16.8
8.07981,50.92347,24,27.3,4.91,6.9
8.16001,48.87408,22,17.8,7.72,16.8
8.20277,47.68684,14,25.9,6.04,9.8
7.92013,53.20495,7,33.6,4.64,5.2
7.93845,52.80906,7,20,5.65,4.6
7.94604,52.64737,9,45.3,3.86,7.7
7.95771,52.3959,16,20.8,6.38,13.6
7.97251,52.07249,5,17.9,6.72,6.5
7.97419,52.03654,3,13.5,6.79,5
7.98697,51.74913,38,36.1,7.75,35.3
7.99724,51.51551,14,13.4,7.08,12.2
8.01519,51.10221,24,82,3.93,13.9
8.03582,50.617,24,36.3,5.13,11.7
8.04394,50.41927,19,14.2,7.37,14.7
8.06533,49.89802,26,13,8.18,18.6
8.09723,49.08898,27,14,7.37,20.1
7.9701,51.47908,17,15.2,7.03,12.1
8.04559,49.69981,31,13.6,7.94,22.3
7.83904,53.61641,31,47.7,6,22.7
7.85531,53.29306,0,442.1,4.67,94
7.86159,53.16732,2,21.5,5.02,5.2
7.8852,52.68227,9,116.3,4.85,16.8
7.89302,52.52063,5,12.7,6.27,5.6
7.90239,52.32295,7,83.6,5.49,22.6
7.90576,52.25115,10,15.3,6.09,3.2
7.91334,52.08944,3,16.3,5.67,4.9
7.92087,51.92774,14,9.6,6.59,10.5
7.97544,50.70587,25,50.5,5.17,8.3
7.98928,50.38242,16,14.3,7.2,12.4
8.04252,49.08805,21,13.7,7.64,16.6
8.08284,48.04486,19,58.9,4.66,6
7.8107,53.57993,41,50.7,6,24.1
7.83526,53.09494,3,37.8,5.42,7.9
7.86443,52.5021,20,19.3,5.23,14.4
7.89513,51.85538,12,12.4,6.25,9.2
7.91746,51.37025,26,18.6,6.38,13.2
7.91994,51.31635,20,84.4,3.94,17.9
7.92721,51.15464,16,27.3,5.31,8.4
7.8181,52.8429,3,20.5,5.68,4.7
7.81988,52.80697,7,77.4,4.87,13.2
7.91001,50.90256,21,73.3,4,9.7
7.91723,50.7408,23,50.2,4.94,9.4
7.93314,50.38136,19,21.5,5.49,11
7.95405,49.89607,43,18.5,7.76,24.6
7.83288,51.94416,18,25.1,4.57,10.9
7.84993,51.58483,14,13,7.1,13.7
7.87091,51.13562,26,51.2,4.62,11.6
7.90021,50.48869,22,24.2,5.44,20.2
7.91449,50.16517,29,37.7,6.26,10.9
7.93009,49.8057,42,16.7,7.73,28
7.78418,52.33884,10,38.7,5.9,10.1
7.83391,51.31478,20,30.2,6.48,14.3
7.83895,51.20696,19,30.2,5.67,11.9
7.87823,50.3442,23,29.6,5.97,12.6
7.99332,47.59319,20,16.5,5.8,9
7.73652,52.69755,4,28,3.73,4.8
7.74027,52.62569,3,19.8,5.11,5.4
7.74488,52.53589,9,20.2,4.14,8.5
7.74852,52.46393,3,17,6.18,5.7
7.75032,52.42808,3,23.9,5.2,7.1
7.75851,52.26643,9,32.2,5.3,9.7
7.76487,52.14069,2,46.3,3.82,6
7.79307,51.56579,16,22.4,7.6,15.1
7.92829,48.54605,15,12,7.15,11.9
7.96605,47.61068,26,30.8,4.98,10.8
7.66569,53.46937,7,56,5.05,10.3
7.73379,52.17606,2,14,5.8,4.4
7.76606,51.52931,12,13.6,6.53,9.5
7.91168,48.2938,18,21.6,5.34,10.9
7.62562,53.64838,5,22.2,4.62,4.4
7.63658,53.45082,0,304,4.56,60.6
7.6438,53.32453,4,45.3,4.96,8
7.70548,52.15762,3,10.2,5.32,4.4
7.71833,51.90601,5,10.7,6.38,3.6
7.7662,50.93581,22,41.9,4.97,7.1
7.77561,50.73816,16,54.5,4.84,7.6
7.79839,50.253,26,16.1,7.01,16.1
7.81492,49.89349,32,17.1,6.64,17.2
7.82042,49.76759,21,14.8,7.53,14.1
7.64398,52.76766,3,19.9,4.3,5
7.65264,52.60602,3,25.6,6.99,12.1
7.66687,52.33661,5,29.1,3.75,2.8
7.74319,50.82764,24,27.9,5.63,9.2
7.88486,47.64517,29,28.2,5.16,8.5
7.59255,53.16226,23,155.7,5.9,31.5
7.60326,52.9646,2,24,5.75,6.7
7.61039,52.83895,4,37.1,4.84,7.9
7.65084,52.0846,4,15.1,5.72,4.4
7.65367,52.03064,7,19.8,5.75,8
7.66397,51.83302,18,12.8,6.49,12.5
7.67591,51.59947,14,23.2,7.06,14
7.70487,51.02456,32,145,3.47,18
7.71106,50.89874,19,94.9,4.14,11.5
7.71638,50.79095,19,24.4,4.26,7.8
7.77243,49.60476,21,12.5,4.85,8.2
7.77425,49.56886,25,17.3,5.5,12.3
7.837,48.14836,16,12.5,7.86,12.4
7.59064,52.65873,6,18,6.09,8.2
7.60976,52.33638,2,20.7,6.19,7.6
7.62548,52.01207,5,15.6,5.32,3.1
7.6591,51.36538,17,74.8,7.23,34.3
7.70215,50.5029,37,30.8,5.06,11.3
7.8341,47.5904,17,15,6.92,12.8
7.65605,50.8617,20,30.5,6.1,12.1
7.6704,50.57421,22,28,5.47,9.5
7.80581,47.62558,26,21.5,7.88,20.2
7.49141,53.35799,6,159.4,5.22,29.8
7.51913,52.87308,4,20.4,4.68,4
7.5446,52.42405,2,13.2,6.17,5.3
7.55549,52.22645,2,19,5.84,5.5
7.61558,51.0947,20,40.8,6.01,14.6
7.63222,50.77129,17,24.2,5.66,9.9
7.78162,47.57111,24,22.6,6.08,16.5
7.45536,53.46516,5,19.3,5.57,2.9
7.47723,53.08799,0,500.3,4.66,75.9
7.52034,52.33358,4,77.7,3.9,7.1
7.53231,52.11811,16,42.2,7.11,24.9
7.55569,51.687,13,17.8,7.55,14.6
7.66284,49.58461,21,16.9,6.33,11.4
7.73765,47.96629,50,35.1,7.02,36.4
7.41731,53.59021,5,48.8,5.9,11.2
7.42709,53.42859,5,31.8,5.08,7.9
7.4797,52.53055,5,22,6.08,7.4
7.50704,52.0456,19,23.5,5.64,15.6
7.51302,51.93783,9,13.2,6.15,8
7.52187,51.77615,19,15.8,6.89,11.1
7.55674,51.12936,20,32.1,4.03,11.6
7.56803,50.91381,21,62.8,3.95,8
7.63347,49.61995,32,16.5,6.66,17.8
7.71412,47.89382,17,28.2,5.18,8.8
7.4335,52.81731,2,12.1,6.32,2.8
7.48909,51.84737,22,14.7,7.26,17.5
7.41026,52.70891,3,24.7,5.64,6.5
7.41978,52.54727,6,20.2,6.37,7.8
7.42184,52.51137,4,17.2,5.79,6.2
7.42393,52.47544,3,13.4,6.47,5
7.44057,52.18806,2,21.3,5.82,5.9
7.50155,51.09223,24,105.7,4.3,13.2
7.50353,51.05634,19,30.1,5.72,10.8
7.5189,50.7689,16,33.9,5.44,10.2
7.57754,49.63658,20,9.4,7.06,13.1
7.58084,49.56486,22,26.9,5.77,12.3
7.65079,48.10851,12,15.6,7.76,10.4
7.47008,51.14557,17,41.9,4.84,5.8
7.3158,53.2823,51,62.8,5.53,21.2
7.33579,52.95905,3,20.8,5.48,6
7.34998,52.72559,3,31,5.53,7.2
7.37256,52.34843,2,15.6,6.35,7
7.37469,52.3125,6,27.9,5.54,8.3
7.38416,52.15088,7,15.3,6.74,10.8
7.40093,51.86348,32,19.4,7.29,26.8
7.4073,51.75553,14,13.2,6.86,12.5
7.41233,51.66584,7,32.1,3.68,6.5
7.4524,50.94731,18,30.5,6.11,10.8
7.46415,50.73174,25,28.3,5.59,11.3
7.54021,49.27598,21,9.3,6.03,8.5
7.54552,49.16822,11,10.9,4.58,6.6
7.61058,47.8196,20,12.6,7.49,15
7.27446,53.46121,43,49.4,6.07,25.7
7.28471,53.29959,41,49.8,6.06,23
7.29487,53.13798,2,18.1,5.5,4.9
7.3081,52.92232,4,10.7,5.3,5.4
7.42801,50.87477,16,34.7,3.75,9.1
7.26386,53.15527,4,40.9,4.91,5
7.29641,52.63449,2,46,4.65,6.8
7.32364,52.18549,2,18.5,5.92,3.2
7.33543,51.9879,40,35.9,6.57,19.1
7.35233,51.70051,6,13.4,6.03,5.7
7.37325,51.34124,22,20.7,4.31,7.1
7.28018,52.41829,3,10.4,4.03,4.3
7.30202,52.05908,16,19,6.13,11.1
7.31171,51.89745,19,11.2,6.37,12.6
7.32138,51.7358,5,12.1,6.65,5.9
7.34756,51.28672,19,22.8,4.2,8.1
7.24184,52.56129,2,3.9,4.99,1
7.31474,51.35792,16,11,4.19,3.9
7.31784,51.30407,18,21,5.7,6.6
7.32414,51.19625,18,37.3,4.12,8.2
7.35194,50.71128,21,36.6,4.77,8.2
7.37373,50.33345,23,15.3,7.51,16.2
7.37498,50.29797,20,27.6,7.55,18
7.19401,52.8479,3,51.4,3.99,8.1
7.20865,52.61449,4,21.9,5.4,6.2
7.21153,52.57832,5,18.3,5.97,8.2
7.22396,52.36319,4,27.9,4.25,7.4
7.25145,51.93205,32,33.6,5.48,21.9
7.28391,51.39319,13,15.8,4.03,8.9
7.30295,51.06987,20,87.6,4.41,10.9
7.31751,50.8362,17,80.5,4.17,10.3
7.34598,50.31561,13,15.1,6.44,10.4
7.18752,52.48788,2,10,5.47,2.1
7.21788,52.00319,21,13.1,4.6,11.6
7.23777,51.67991,4,23.3,4.29,5.3
7.36761,49.41613,19,10.8,6.22,8.2
7.144094,52.70287,0,304.6,4.25,32.1
7.16489,52.37967,3,29.5,5.74,4.7
7.18994,51.98455,5,15,5.81,6
7.20004,51.82293,6,19.5,5.84,6.9
7.24692,51.05056,17,35.3,6.35,9.6
7.14377,52.27123,7,18.9,5.89,5.4
7.22275,50.97802,18,28.7,5.99,9.3
7.08376,52.71939,3,14.7,5.82,4.8
7.10508,52.39616,5,155.8,3.62,11.8
7.1263,52.07413,11,12,6.55,10.1
7.13978,51.85743,4,28.6,6.86,9.3
7.14665,51.74964,5,74.9,3.98,10
7.2566,49.91736,32,26.5,5.94,9.5
7.27692,49.55795,21,23.9,5.09,8.9
7.29892,49.16254,26,24.1,7.6,15.2
7.06262,52.59408,2,19.5,6.84,10.4
7.0685,52.48462,4,39.5,5.03,8.1
7.20146,50.38383,18,14.8,6.12,13.6
7.26951,49.19783,48,23.1,7.68,31.1
7.08174,51.85601,0,300.4,5.25,48.4
7.08865,51.74823,6,12.7,4.39,2
7.14282,50.88605,7,21.7,5,5.8
7.18124,50.2398,16,23.1,5.42,6.5
7.24005,49.23312,19,27.5,7.68,13.3
7.00729,52.53765,3,29.7,4.37,1
7.01582,52.41195,6,32.8,6.31,8.7
7.19722,49.50201,15,15,5.62,17.4
7.00702,52.10595,4,42.3,3.97,6.3
7.01593,51.9983,3,18,5.95,5.4
7.02847,51.7827,5,9.6,5.63,4.9
7.0518,51.42363,15,117.2,5.99,12.9
7.10062,50.65118,16,26.7,5.91,8
6.97664,52.12317,8,23.4,5.94,8.3
7.14518,49.44671,19,13.5,6.38,13.4
7.02014,51.02692,13,24.8,6.79,11
7.03042,50.86531,9,10.6,7.45,8.8
7.09071,49.89523,23,25.7,5.48,6.9
7.11975,49.41005,18,19.2,5.94,8.3
6.8843,52.62418,3,14.3,5.61,3.4
6.94764,51.69069,3,12.4,5.59,2.5
6.85618,52.58773,1,17.1,5.52,28
6.89094,52.10276,3,15.2,5.89,8.1
6.92363,51.61812,6,19.9,6.28,8.1
6.86999,51.97649,14,19.1,6.49,13.1
6.8752,51.90431,5,44.4,6.35,10.9
6.88614,51.74306,7,14.4,6.23,7.6
6.82419,51.81276,11,15.6,6.92,12.4
6.78914,51.88436,4,25.9,5.32,5.8
6.82324,51.39955,4,26.8,5.33,1
6.90763,50.14225,26,20.1,6.86,14.2
6.90998,50.10639,21,19.5,5.98,9.1
6.70879,52.58376,4,21.7,5.74,10.1
6.76537,51.82978,5,14.5,6.45,7.4
6.81354,51.12947,17,10.1,7.36,9.2
6.83538,50.80617,19,48.9,5.81,19.9
6.74022,51.75708,10,31.7,4.02,6.2
6.80814,50.7874,14,10.5,6.21,10.2
6.82998,50.46406,25,34.9,5.84,14.2
6.78607,50.69686,13,13.1,6.61,9
6.68495,51.71954,5,24.3,5.75,5.5
6.69672,51.55796,35,36,6.5,24.8
6.69934,51.52206,27,41.5,7.49,20.1
6.73396,51.03723,17,11.1,7.79,12.8
6.78978,50.22906,18,22.1,5.51,8.9
6.71024,50.96427,16,15.4,6.87,14.8
6.77756,49.99476,26,20.8,6.1,11.2
6.73007,50.28137,36,46,6.68,32.2
6.75216,49.95803,9,12.6,6.04,6.8
6.77985,49.54486,18,32.7,5.3,7.1
6.63021,51.28617,17,15.4,6.32,9.8
6.73289,49.8315,16,15.4,5.69,9.5
6.58687,51.48285,9,18.8,6.03,7.8
6.61082,51.15966,13,8.2,7.18,10.5
6.70015,49.90258,19,17.6,6.39,9.3
6.60989,50.78183,16,13.2,6.71,10.5
6.70069,49.48857,24,83.8,4.44,11
6.59986,50.52952,15,27.7,7.19,31
6.6231,50.20621,14,28.9,5.7,10.8
6.56266,50.65439,27,24.6,7.67,18.5
6.59247,50.24135,35,32.2,5.31,13.4
6.44589,51.82045,16,14.8,6.99,11
6.44024,51.51447,6,16.7,6.19,7
6.48045,50.99355,15,16.3,7.41,12.6
6.4902,50.86824,13,16.1,6.37,6.7
6.52593,50.38333,23,29.7,7.01,20.5
6.55856,49.93435,29,43,6.88,31.9
6.59536,49.41343,21,32.5,7.47,19.3
6.42976,51.28026,8,18.7,6.96,9.7
6.49117,50.47225,22,26.6,5.03,8.8
6.50316,50.31065,34,45.7,5.36,12.8
6.515,50.14904,17,22.3,6.25,7.9
6.39119,51.40498,11,31.8,6.84,14.7
6.40391,51.24343,13,12.6,7.11,10
6.42064,51.02798,10,8.2,7.54,7.3
6.49368,50.05837,12,13.1,5.8,5.2
6.50552,49.89672,29,10.4,8.11,21.5
6.36821,51.33229,21,30.6,7.41,29.8
6.34096,51.31344,13,10.3,7.3,9.3
6.35092,51.18778,8,26.4,3.78,5.9
6.45254,49.85908,3,9.4,5.05,3.3
6.28022,51.70744,15,21.7,6.62,9.9
6.4167,49.96595,28,43.6,7.37,21.6
6.26902,51.49112,11,15.2,7.46,11.8
6.25645,51.29277,4,9.9,5.76,3.3
6.18444,51.81233,51,66.9,6.96,34.1
6.17049,51.63202,10,10.4,6.59,5.6
6.25037,50.66264,0,241.6,3.68,11.8
6.28582,50.21379,22,20.8,5.67,10.2
6.18552,51.1105,9,15.7,6.94,6.7
6.26348,50.14103,26,30.1,5.32,7.7
6.16444,51.0199,11,17.6,7.84,11
6.17766,50.85765,15,17.8,7.07,11.7
6.23836,50.10424,26,27.7,5.11,11.5
6.07286,51.08871,30,20.8,6.44,15.5
